Workbook
Name College: #REF!
Name College: #REF!
Name College: #REF!
Name College: #REF!
Name College: #REF!
Name College: #REF!
Name College: #REF!
Name College: #REF!
Name College: #REF!
Name College: #REF!
Name College: #REF!
Name College: #REF!
Name College: #REF!
Name College: #REF!
Name College: #REF!
Name College: #REF!
Name College: #REF!
Name College: #REF!
Name College: #REF!
Name College: #REF!
Name College: #REF!
Name College: #REF!
Name College: #REF!
Name College: #REF!
Name College: #REF!
Name College: #REF!
Name College: #REF!
Name d: #REF!
Name d: #REF!
Name d: #REF!
Name d: #REF!
Name d: #REF!
Name d: #REF!
Name d: #REF!
Name d: #REF!
Name d: #REF!
Name d: #REF!
Name d: #REF!
Name d: #REF!
Name d: #REF!
Name d: #REF!
Name d: #REF!
Name d: #REF!
Name d: #REF!
Name d: #REF!
Name d: #REF!
Name d: #REF!
Name d: #REF!
Name d: #REF!
Name d: #REF!
Name d: #REF!
Name d: #REF!
Name d: #REF!
Name JR_PAGE_ANCHOR_0_1: #REF!
Name JR_PAGE_ANCHOR_0_1: #REF!
Name JR_PAGE_ANCHOR_0_1: #REF!
Name JR_PAGE_ANCHOR_0_1: #REF!
Name JR_PAGE_ANCHOR_0_1: #REF!
Name JR_PAGE_ANCHOR_0_1: #REF!
Name JR_PAGE_ANCHOR_0_1: #REF!

Sheet 1UniNo
B1: Table | C1: 1. State & Type - Wise Number of Universities
A2: Sl. No. | B2: State | C2: Central University | D2: Central Open University | E2: Institute of National Importance | F2: State Public University | G2: Institute under State Legislature Act | H2: State Open University | I2: State Private University | J2: State Private Open University | K2: Deemed University-Government | L2: Deemed University-Government Aided | M2: Deemed University-Private | N2: Grand Total | P2: Govt. | Q2: Govt. Aided | R2: Private
A3: 1 | B3: 2 | C3: 3 | D3: 4 | E3: 5 | F3: 6 | G3: 7 | H3: 8 | I3: 9 | J3: 10 | K3: 11 | L3: 12 | M3: 13 | N3: 14
A4: 1 | B4: Andhra Pradesh | C4: 2 | D4: 0 | E4: 10 | F4: 23 | G4: 1 | H4: 0 | I4: 5 | J4: 0 | K4: 0 | L4: 0 | M4: 4 | N4: 45
A5: 2 | B5: Arunachal Pradesh | C5: 1 | D5: 0 | E5: 1 | F5: 0 | G5: 0 | H5: 0 | I5: 6 | J5: 1 | K5: 1 | L5: 0 | M5: 0 | N5: 10
A6: 3 | B6: Assam | C6: 2 | D6: 0 | E6: 5 | F6: 13 | G6: 0 | H6: 1 | I6: 6 | J6: 0 | K6: 1 | L6: 0 | M6: 0 | N6: 28
A7: 4 | B7: Bihar | C7: 4 | D7: 0 | E7: 6 | F7: 17 | G7: 1 | H7: 1 | I7: 7 | J7: 0 | K7: 1 | L7: 0 | M7: 0 | N7: 37
A8: 5 | B8: Chandigarh | C8: 0 | D8: 0 | E8: 1 | F8: 1 | G8: 0 | H8: 0 | I8: 0 | J8: 0 | K8: 1 | L8: 0 | M8: 0 | N8: 3
A9: 6 | B9: Chhattisgarh | C9: 1 | D9: 0 | E9: 4 | F9: 14 | G9: 0 | H9: 1 | I9: 12 | J9: 0 | K9: 0 | L9: 0 | M9: 0 | N9: 32
A10: 7 | B10: Delhi | C10: 6 | D10: 1 | E10: 5 | F10: 8 | G10: 0 | H10: 0 | I10: 0 | J10: 0 | K10: 6 | L10: 1 | M10: 1 | N10: 28
A11: 8 | B11: Goa | C11: 0 | D11: 0 | E11: 2 | F11: 1 | G11: 0 | H11: 0 | I11: 0 | J11: 0 | K11: 0 | L11: 0 | M11: 0 | N11: 3
A12: 9 | B12: Gujarat | C12: 1 | D12: 0 | E12: 9 | F12: 25 | G12: 0 | H12: 1 | I12: 44 | J12: 0 | K12: 1 | L12: 1 | M12: 1 | N12: 83
A13: 10 | B13: Haryana | C13: 1 | D13: 0 | E13: 5 | F13: 20 | G13: 0 | H13: 0 | I13: 24 | J13: 0 | K13: 3 | L13: 0 | M13: 3 | N13: 56
A14: 11 | B14: Himachal Pradesh | C14: 1 | D14: 0 | E14: 4 | F14: 7 | G14: 0 | H14: 0 | I14: 17 | J14: 0 | K14: 0 | L14: 0 | M14: 0 | N14: 29
A15: 12 | B15: Jammu and Kashmir | C15: 2 | D15: 0 | E15: 3 | F15: 9 | G15: 1 | H15: 0 | I15: 0 | J15: 0 | K15: 0 | L15: 0 | M15: 0 | N15: 15
... A36: 33 | B36: West Bengal | C36: 1 | D36: 0 | E36: 8 | F36: 29 | G36: 0 | H36: 1 | I36: 11 | J36: 0 | K36: 1 | L36: 0 | M36: 1 | N36: 52
A37: All India | C37: 51 | D37: 1 | E37: 149 | F37: 403 | G37: 5 | H37: 14 | I37: 365 | J37: 1 | K37: 34 | L37: 10 | M37: 80 | N37: 1113 | P37: =I37+J37+M37 -> 446
B38: In UTs of , Andaman & Nicobar Islands, Dadra & Nagar Haveli, Daman & Diu and Lakshadweep, there is no University.
B41: Government | C41: =N37-C42-C43 -> 657
B42: Private | C42: 10
B43: Government Aided | C43: 446

Sheet 1InsResponse
B1: Table 1(a). | C1: Total Number of Institutions Registered and Responded in AISHE 2020-21
A2: Sl. No. | B2: State/UTs | C2: Unversities | F2: Colleges | I2: Standalone Institutions | L2: Total
C3: Registered | D3: Responded | E3: % of Response | F3: Registered | G3: Responded | H3: % of Response | I3: Registered | J3: Responded | K3: % of Response | L3: Registered | M3: Responded | N3: % of Response | O3: DCF NA
A4: 1 | B4: 2 | C4: 3 | D4: 4 | E4: 5 | F4: 6 | G4: 7 | H4: 8 | I4: 9 | J4: 10 | K4: 11 | L4: 12 | M4: 13 | N4: 14
A5: 1 | B5: Andaman and Nicobar Islands | C5: 0 | D5: 0 | F5: 9 | G5: ='8CollegeAct'!D5 -> 9 | H5: 100 | I5: 1 | J5: 1 | K5: 100 | L5: =C5+F5+I5 -> 10 | M5: =D5+G5+J5 -> 10 | N5: 100 | O5: 0
A6: 2 | B6: Andhra Pradesh | C6: 45 | D6: 45 | E6: 100 | F6: 2601 | G6: ='8CollegeAct'!D6 -> 2554 | H6: 98 | I6: 698 | J6: 654 | K6: 94 | L6: =C6+F6+I6 -> 3344 | M6: =D6+G6+J6 -> 3253 | N6: 97 | O6: 2
A7: 3 | B7: Arunachal Pradesh | C7: 10 | D7: 10 | E7: 100 | F7: 42 | G7: ='8CollegeAct'!D7 -> 41 | H7: 100 | I7: 14 | J7: 14 | K7: 100 | L7: =C7+F7+I7 -> 66 | M7: =D7+G7+J7 -> 65 | N7: 100 | O7: 1
A8: 4 | B8: Assam | C8: 28 | D8: 28 | E8: 100 | F8: 595 | G8: ='8CollegeAct'!D8 -> 560 | H8: 94 | I8: 93 | J8: 83 | K8: 89 | L8: =C8+F8+I8 -> 716 | M8: =D8+G8+J8 -> 671 | N8: 94 | O8: 1
A9: 5 | B9: Bihar | C9: 37 | D9: 37 | E9: 100 | F9: 1035 | G9: ='8CollegeAct'!D9 -> 1032 | H9: 100 | I9: 283 | J9: 264 | K9: 93 | L9: =C9+F9+I9 -> 1355 | M9: =D9+G9+J9 -> 1333 | N9: 99 | O9: 3
A10: 6 | B10: Chandigarh | C10: 3 | D10: 3 | E10: 100 | F10: 26 | G10: ='8CollegeAct'!D10 -> 26 | H10: 100 | I10: 10 | J10: 10 | K10: 100 | L10: =C10+F10+I10 -> 39 | M10: =D10+G10+J10 -> 39 | N10: 100 | O10: 0
A11: 7 | B11: Chhattisgarh | C11: 32 | D11: 32 | E11: 100 | F11: 870 | G11: ='8CollegeAct'!D11 -> 849 | H11: 99 | I11: 79 | J11: 70 | K11: 89 | L11: =C11+F11+I11 -> 981 | M11: =D11+G11+J11 -> 951 | N11: 98 | O11: 14
A12: 8 | B12: Delhi | C12: 28 | D12: 27 | E12: 96 | F12: 180 | G12: ='8CollegeAct'!D12 -> 173 | H12: 96 | I12: 97 | J12: 85 | K12: 89 | L12: =C12+F12+I12 -> 305 | M12: =D12+G12+J12 -> 285 | N12: 94 | O12: 0
A13: 9 | B13: Goa | C13: 3 | D13: 3 | E13: 100 | F13: 61 | G13: ='8CollegeAct'!D13 -> 61 | H13: 100 | I13: 17 | J13: 17 | K13: 100 | L13: =C13+F13+I13 -> 81 | M13: =D13+G13+J13 -> 81 | N13: 100 | O13: 0
A14: 10 | B14: Gujarat | C14: 83 | D14: 83 | E14: 100 | F14: 2267 | G14: ='8CollegeAct'!D14 -> 2248 | H14: 100 | I14: 301 | J14: 301 | K14: 100 | L14: =C14+F14+I14 -> 2651 | M14: =D14+G14+J14 -> 2632 | N14: 100 | O14: 22
A15: 11 | B15: Haryana | C15: 56 | D15: 56 | E15: 100 | F15: 1083 | G15: 1081 | H15: 100 | I15: 228 | J15: 221 | K15: 97 | L15: =C15+F15+I15 -> 1367 | M15: =D15+G15+J15 -> 1358 | N15: 99 | O15: 2
A16: 12 | B16: Himachal Pradesh | C16: 29 | D16: 28 | E16: 97 | F16: 348 | G16: ='8CollegeAct'!D16 -> 348 | H16: 100 | I16: 83 | J16: 79 | K16: 95 | L16: =C16+F16+I16 -> 460 | M16: =D16+G16+J16 -> 455 | N16: 99 | O16: 0
A17: 13 | B17: Jammu and Kashmir | C17: 15 | D17: 15 | E17: 100 | F17: 348 | G17: ='8CollegeAct'!D17 -> 342 | H17: 99 | I17: 154 | J17: 134 | K17: 87 | L17: =C17+F17+I17 -> 517 | M17: =D17+G17+J17 -> 491 | N17: 96 | O17: 3
A18: 14 | B18: Jharkhand | C18: 32 | D18: 32 | E18: 100 | F18: 336 | G18: ='8CollegeAct'!D18 -> 336 | H18: 100 | I18: 109 | J18: 96 | K18: 88 | L18: =C18+F18+I18 -> 477 | M18: =D18+G18+J18 -> 464 | N18: 97 | O18: 0
A19: 15 | B19: Karnataka | C19: 72 | D19: 72 | E19: 100 | F19: 4233 | G19: ='8CollegeAct'!D19 -> 4109 | H19: 97 | I19: 1592 | J19: 1230 | K19: 77 | L19: =C19+F19+I19 -> 5897 | M19: =D19+G19+J19 -> 5411 | N19: 92 | O19: 15
A20: 16 | B20: Kerala | C20: 23 | D20: 23 | E20: 100 | F20: 1448 | G20: ='8CollegeAct'!D20 -> 1328 | H20: 92 | I20: 376 | J20: 369 | K20: 98 | L20: =C20+F20+I20 -> 1847 | M20: =D20+G20+J20 -> 1720 | N20: 94 | O20: 10
A21: 17 | B21: Ladakh | C21: 2 | D21: 1 | E21: 50 | F21: 3 | G21: ='8CollegeAct'!D21 -> 3 | H21: 100 | I21: 5 | J21: 3 | K21: 60 | L21: =C21+F21+I21 -> 10 | M21: =D21+G21+J21 -> 7 | N21: 70 | O21: 0
A22: 18 | B22: Lakshadweep* | D22: 0 | F22: 0 | G22: ='8CollegeAct'!D22 -> 0 | I22: 0 | J22: 0 | L22: =C22+F22+I22 -> 0 | M22: =D22+G22+J22 -> 0 | O22: 0
A23: 19 | B23: Madhya Pradesh | C23: 74 | D23: 74 | E23: 100 | F23: 2610 | G23: ='8CollegeAct'!D23 -> 2319 | H23: 90 | I23: 335 | J23: 250 | K23: 75 | L23: =C23+F23+I23 -> 3019 | M23: =D23+G23+J23 -> 2643 | N23: 88 | O23: 21
A24: 20 | B24: Maharashtra | C24: 71 | D24: 71 | E24: 100 | F24: 4532 | G24: ='8CollegeAct'!D24 -> 4531 | H24: 100 | I24: 2153 | J24: 2110 | K24: 98 | L24: =C24+F24+I24 -> 6756 | M24: =D24+G24+J24 -> 6712 | N24: 99 | O24: 2
A25: 21 | B25: Manipur | C25: 9 | D25: 8 | E25: 89 | F25: 105 | G25: ='8CollegeAct'!D25 -> 103 | H25: 98 | I25: 34 | J25: 30 | K25: 88 | L25: =C25+F25+I25 -> 148 | M25: =D25+G25+J25 -> 141 | N25: 95 | O25: 0
A26: 22 | B26: Meghalaya | C26: 11 | D26: 10 | E26: 91 | F26: 75 | G26: ='8CollegeAct'!D26 -> 62 | H26: 84 | I26: 22 | J26: 21 | K26: 95 | L26: =C26+F26+I26 -> 108 | M26: =D26+G26+J26 -> 93 | N26: 87 | O26: 1
A27: 23 | B27: Mizoram | C27: 3 | D27: 3 | E27: 100 | F27: 39 | G27: ='8CollegeAct'!D27 -> 39 | H27: 100 | I27: 19 | J27: 19 | K27: 100 | L27: =C27+F27+I27 -> 61 | M27: =D27+G27+J27 -> 61 | N27: 100 | O27: 0
A28: 24 | B28: Nagaland | C28: 5 | D28: 5 | E28: 100 | F28: 68 | G28: ='8CollegeAct'!D28 -> 67 | H28: 100 | I28: 20 | J28: 20 | K28: 100 | L28: =C28+F28+I28 -> 93 | M28: =D28+G28+J28 -> 92 | N28: 100 | O28: 1
A29: 25 | B29: Odisha | C29: 36 | D29: 36 | E29: 100 | F29: 1206 | G29: ='8CollegeAct'!D29 -> 1195 | H29: 100 | I29: 481 | J29: 481 | K29: 100 | L29: =C29+F29+I29 -> 1723 | M29: =D29+G29+J29 -> 1712 | N29: 100 | O29: 11
A30: 26 | B30: Puducherry | C30: 4 | D30: 4 | E30: 100 | F30: 81 | G30: ='8CollegeAct'!D30 -> 70 | H30: 86 | I30: 12 | J30: 12 | K30: 100 | L30: =C30+F30+I30 -> 97 | M30: =D30+G30+J30 -> 86 | N30: 89 | O30: 0
A31: 27 | B31: Punjab | C31: 34 | D31: 34 | E31: 100 | F31: 1039 | G31: ='8CollegeAct'!D31 -> 1030 | H31: 100 | I31: 362 | J31: 351 | K31: 97 | L31: =C31+F31+I31 -> 1435 | M31: =D31+G31+J31 -> 1415 | N31: 99 | O31: 8
A32: 28 | B32: Rajasthan | C32: 92 | D32: 88 | E32: 96 | F32: 3694 | G32: ='8CollegeAct'!D32 -> 3339 | H32: 91 | I32: 514 | J32: 430 | K32: 84 | L32: =C32+F32+I32 -> 4300 | M32: =D32+G32+J32 -> 3857 | N32: 90 | O32: 20
A33: 29 | B33: Sikkim | C33: 8 | D33: 7 | E33: 88 | F33: 23 | G33: ='8CollegeAct'!D33 -> 19 | H33: 87 | I33: 8 | J33: 8 | K33: 100 | L33: =C33+F33+I33 -> 39 | M33: =D33+G33+J33 -> 34 | N33: 90 | O33: 1
A34: 30 | B34: Tamil Nadu | C34: 59 | D34: 59 | E34: 100 | F34: 2667 | G34: ='8CollegeAct'!D34 -> 2657 | H34: 100 | I34: 895 | J34: 891 | K34: 100 | L34: =C34+F34+I34 -> 3621 | M34: =D34+G34+J34 -> 3607 | N34: 100 | O34: 4
A35: 31 | B35: Telangana | C35: 31 | D35: 30 | E35: 97 | F35: 2062 | G35: ='8CollegeAct'!D35 -> 2025 | H35: 99 | I35: 458 | J35: 448 | K35: 98 | L35: =C35+F35+I35 -> 2551 | M35: =D35+G35+J35 -> 2503 | N35: 98 | O35: 9
A36: 32 | B36: The Dadra and Nagar Haveli and Daman and Diu | D36: 0 | F36: 19 | G36: ='8CollegeAct'!D36 -> 19 | H36: 100 | I36: 1 | J36: 1 | K36: 100 | L36: =C36+F36+I36 -> 20 | M36: =D36+G36+J36 -> 20 | N36: 100 | O36: 0
A37: 33 | B37: Tripura | C37: 5 | D37: 5 | E37: 100 | F37: 54 | G37: ='8CollegeAct'!D37 -> 53 | H37: 98 | I37: 14 | J37: 12 | K37: 86 | L37: =C37+F37+I37 -> 73 | M37: =D37+G37+J37 -> 70 | N37: 96 | O37: 0
A38: 34 | B38: Uttar Pradesh | C38: 84 | D38: 81 | E38: 96 | F38: 8114 | G38: ='8CollegeAct'!D38 -> 7127 | H38: 88 | I38: 1148 | J38: 917 | K38: 80 | L38: =C38+F38+I38 -> 9346 | M38: =D38+G38+J38 -> 8125 | N38: 87 | O38: 17
A39: 35 | B39: Uttarakhand | C39: 37 | D39: 37 | E39: 100 | F39: 477 | G39: ='8CollegeAct'!D39 -> 403 | H39: 85 | I39: 153 | J39: 149 | K39: 97 | L39: =C39+F39+I39 -> 667 | M39: =D39+G39+J39 -> 589 | N39: 88 | O39: 1
A40: 36 | B40: West Bengal | C40: 52 | D40: 52 | E40: 100 | F40: 1446 | G40: ='8CollegeAct'!D40 -> 1442 | H40: 100 | I40: 527 | J40: 526 | K40: 100 | L40: =C40+F40+I40 -> 2025 | M40: =D40+G40+J40 -> 2020 | N40: 100 | O40: 3
A41: All India | C41: =SUM(C5:C40) -> 1113 | D41: =SUM(D5:D40) -> 1099 | E41: 99 | F41: =SUM(F5:F40) -> 43796 | G41: =SUM(G5:G40) -> 41600 | H41: 95 | I41: =SUM(I5:I40) -> 11296 | J41: =SUM(J5:J40) -> 10307 | K41: 91 | L41: =SUM(L5:L40) -> 56205 | M41: =SUM(M5:M40) -> 53006 | N41: 95 | O41: 172
A42: * Lakshadweep dose not have any University/Colleges & Stand Alone Institutions. However 3 PG/Off-shore campus of University of Calicut, Malappuram are functiong from Lakshadweep.

Sheet 2University-Specialisation
B1: Table 2. | C1: State & Specialisation-wise Number of Universities (Based on Actual Response) | M1: =C1 -> State & Specialisation-wise Number of Universities (Based on Actual Response)
A2: Sl. No. | B2: State/UTs | C2: General | D2: Agriculture | E2: Education | F2: Chartered Accountant | G2: Cultural Studies | H2: Fine Arts | I2: Fisheries | J2: Gandhian / Religious Study | K2: Journalism & Mass Communication | L2: Language | M2: Law | N2: Management | O2: Medical | P2: Oriental Learning | Q2: Rural Development | R2: Sanskrit | S2: Science | T2: Social Science | U2: Sports/Yoga/Physical Education | V2: Technical | W2: Veterinary | X2: Other | Y2: Grand Total
A3: 1 | B3: 2 | C3: 3 | D3: 4 | E3: 5 | F3: 6 | G3: 7 | H3: 8 | I3: 9 | J3: 10 | K3: 11 | L3: 12 | M3: 13 | N3: 14 | O3: 15 | P3: 16 | Q3: 17 | R3: 18 | S3: 19 | T3: 20 | U3: 21 | V3: 22 | W3: 23 | X3: 24 | Y3: 25
A4: 1 | B4: Andhra Pradesh | C4: 19 | D4: 2 | H4: 1 | L4: 1 | M4: 1 | N4: 1 | O4: 3 | R4: 2 | S4: 2 | V4: 12 | W4: 1 | Y4: 45
A5: 2 | B5: Arunachal Pradesh | C5: 7 | O5: 1 | V5: 2 | Y5: 10
A6: 3 | B6: Assam | C6: 16 | D6: 1 | M6: 1 | O6: 2 | R6: 1 | V6: 7 | Y6: 28
A7: 4 | B7: Bihar | C7: 25 | D7: 2 | N7: 1 | O7: 3 | P7: 1 | R7: 1 | V7: 3 | W7: 1 | Y7: 37
A8: 5 | B8: Chandigarh | C8: 1 | O8: 1 | V8: 1 | Y8: 3
A9: 6 | B9: Chhattisgarh | C9: 21 | E9: 1 | K9: 1 | M9: 1 | N9: 2 | O9: 2 | V9: 4 | Y9: 32
A10: 7 | B10: Delhi | C10: 9 | D10: 1 | E10: 1 | M10: 2 | O10: 3 | R10: 2 | V10: 8 | X10: 1 | Y10: 27
A11: 8 | B11: Goa | C11: 1 | V11: 2 | Y11: 3
A12: 9 | B12: Gujarat | C12: 50 | D12: 4 | E12: 1 | M12: 1 | N12: 2 | O12: 4 | R12: 1 | S12: 2 | U12: 2 | V12: 15 | X12: 1 | Y12: 83
A13: 10 | B13: Haryana | C13: 34 | D13: 3 | M13: 1 | N13: 1 | O13: 3 | R13: 1 | S13: 3 | T13: 1 | V13: 8 | W13: 1 | Y13: 56
A14: 11 | B14: Himachal Pradesh | C14: 16 | D14: 2 | F14: 1 | M14: 1 | N14: 1 | V14: 7 | Y14: 28
A15: 12 | B15: Jammu and Kashmir | C15: 8 | D15: 2 | N15: 1 | O15: 1 | S15: 1 | V15: 2 | Y15: 15
A16: 13 | B16: Jharkhand | C16: 20 | D16: 1 | F16: 1 | M16: 1 | N16: 1 | O16: 1 | V16: 6 | X16: 1 | Y16: 32
A17: 14 | B17: Karnataka | C17: 41 | D17: 5 | H17: 1 | M17: 2 | N17: 1 | O17: 5 | Q17: 1 | R17: 1 | S17: 4 | T17: 2 | U17: 1 | V17: 7 | W17: 1 | Y17: 72
A18: 15 | B18: Kerala | C18: 6 | D18: 1 | I18: 1 | L18: 1 | M18: 1 | N18: 1 | O18: 2 | R18: 1 | S18: 2 | V18: 5 | W18: 1 | X18: 1 | Y18: 23
A19: 16 | B19: Ladakh | P19: 1 | Y19: 1
A20: 17 | B20: Madhya Pradesh | C20: 47 | D20: 2 | H20: 1 | J20: 1 | K20: 1 | L20: 1 | M20: 2 | N20: 1 | O20: 3 | R20: 2 | S20: 3 | U20: 1 | V20: 9 | Y20: 74
A21: 18 | B21: Maharashtra | C21: 35 | D21: 4 | H21: 1 | I21: 1 | L21: 1 | M21: 3 | N21: 2 | O21: 7 | R21: 1 | S21: 4 | T21: 3 | V21: 8 | W21: 1 | Y21: 71
A22: 19 | B22: Manipur | C22: 2 | D22: 1 | G22: 1 | U22: 1 | V22: 3 | Y22: 8
A23: 20 | B23: Meghalaya | C23: 5 | F23: 1 | N23: 1 | S23: 1 | V23: 2 | Y23: 10
A24: 21 | B24: Mizoram | C24: 1 | F24: 1 | V24: 1 | Y24: 3
A25: 22 | B25: Nagaland | C25: 3 | F25: 1 | V25: 1 | Y25: 5
A26: 23 | B26: Odisha | C26: 19 | D26: 1 | G26: 1 | M26: 1 | N26: 1 | O26: 2 | R26: 1 | S26: 1 | T26: 1 | V26: 8 | Y26: 36
A27: 24 | B27: Puducherry | C27: 2 | O27: 1 | V27: 1 | Y27: 4
A28: 25 | B28: Punjab | C28: 18 | D28: 1 | M28: 1 | N28: 1 | O28: 4 | S28: 1 | U28: 1 | V28: 6 | W28: 1 | Y28: 34
A29: 26 | B29: Rajasthan | C29: 56 | D29: 5 | K29: 1 | M29: 2 | N29: 1 | O29: 7 | R29: 2 | S29: 1 | U29: 1 | V29: 11 | W29: 1 | Y29: 88
A30: 27 | B30: Sikkim | C30: 5 | F30: 1 | V30: 1 | Y30: 7
A31: 28 | B31: Tamil Nadu | C31: 25 | D31: 1 | H31: 1 | I31: 1 | L31: 1 | M31: 2 | N31: 1 | O31: 3 | Q31: 1 | S31: 2 | U31: 3 | V31: 17 | W31: 1 | Y31: 59
A32: 29 | B32: Telangana | C32: 15 | D32: 2 | H32: 1 | L32: 1 | M32: 1 | O32: 3 | P32: 1 | V32: 5 | W32: 1 | Y32: 30
A33: 30 | B33: Tripura | C33: 2 | F33: 1 | V33: 2 | Y33: 5
A34: 31 | B34: Uttar Pradesh | C34: 48 | D34: 5 | E34: 1 | J34: 1 | L34: 1 | M34: 1 | N34: 1 | O34: 5 | R34: 1 | V34: 14 | W34: 2 | X34: 1 | Y34: 81
A35: 32 | B35: Uttarakhand | C35: 24 | D35: 3 | N35: 1 | O35: 3 | R35: 2 | V35: 4 | Y35: 37
A36: 33 | B36: West Bengal | C36: 34 | D36: 2 | E36: 1 | I36: 1 | L36: 1 | M36: 1 | N36: 1 | O36: 2 | S36: 3 | V36: 6 | Y36: 52
A37: All India | C37: 615 | D37: 51 | E37: 5 | F37: 7 | G37: 2 | H37: 6 | I37: 4 | J37: 2 | K37: 3 | L37: 8 | M37: 26 | N37: 23 | O37: 71 | P37: 3 | Q37: 2 | R37: 19 | S37: 30 | T37: 7 | U37: 10 | V37: 188 | W37: 12 | X37: 5 | Y37: 1099

Sheet 3Collegerange
A1: Table 3. State-wise Distribution of Districts in Different Ranges of number of Colleges
A2: State | B2: Number of College
B3: Less than 10 | C3: 10-19 | D3: 20-49 | E3: 50-99 | F3: 100-199 | G3: 200-299 | H3: 300-399 | I3: 400-499 | J3: 500-999 | K3: More than 1000
A4: 1 | B4: 2 | C4: 3 | D4: 4 | E4: 5 | F4: 6 | G4: 7 | H4: 8 | I4: 9 | J4: 10 | K4: 11
A5: Andaman and Nicobar Islands | B5: 3 | C5: 0 | D5: 0 | E5: 0 | F5: 0 | G5: 0 | H5: 0 | I5: 0 | J5: 0 | K5: 0 | L5: 3
A6: Andhra Pradesh | B6: 0 | C6: 0 | D6: 0 | E6: 0 | F6: 7 | G6: 6 | H6: 0 | I6: 0 | J6: 0 | K6: 0 | L6: 13
A7: Arunachal Pradesh | B7: 15 | C7: 1 | D7: 0 | E7: 0 | F7: 0 | G7: 0 | H7: 0 | I7: 0 | J7: 0 | K7: 0 | L7: 16
A8: Assam | B8: 7 | C8: 13 | D8: 10 | E8: 1 | F8: 0 | G8: 0 | H8: 0 | I8: 0 | J8: 0 | K8: 0 | L8: 31
A9: Bihar | B9: 6 | C9: 12 | D9: 15 | E9: 4 | F9: 1 | G9: 0 | H9: 0 | I9: 0 | J9: 0 | K9: 0 | L9: 38
A10: Chandigarh | B10: 0 | C10: 0 | D10: 1 | E10: 0 | F10: 0 | G10: 0 | H10: 0 | I10: 0 | J10: 0 | K10: 0 | L10: 1
A11: Chhattisgarh | B11: 7 | C11: 6 | D11: 9 | E11: 2 | F11: 3 | G11: 0 | H11: 0 | I11: 0 | J11: 0 | K11: 0 | L11: 27
A12: Delhi | B12: 2 | C12: 4 | D12: 4 | E12: 0 | F12: 0 | G12: 0 | H12: 0 | I12: 0 | J12: 0 | K12: 0 | L12: 10
A13: Goa | B13: 0 | C13: 0 | D13: 2 | E13: 0 | F13: 0 | G13: 0 | H13: 0 | I13: 0 | J13: 0 | K13: 0 | L13: 2
A14: Gujarat | B14: 1 | C14: 4 | D14: 12 | E14: 8 | F14: 7 | G14: 1 | H14: 0 | I14: 0 | J14: 0 | K14: 0 | L14: 33
A15: Haryana | B15: 1 | C15: 1 | D15: 11 | E15: 9 | F15: 0 | G15: 0 | H15: 0 | I15: 0 | J15: 0 | K15: 0 | L15: 22
A16: Himachal Pradesh | B16: 2 | C16: 3 | D16: 5 | E16: 2 | F16: 0 | G16: 0 | H16: 0 | I16: 0 | J16: 0 | K16: 0 | L16: 12
... A41: All India | B41: 141 | C41: 93 | D41: 187 | E41: 144 | F41: 98 | G41: 29 | H41: 6 | I41: 2 | J41: 1 | K41: 1 | L41: 702

Sheet 4CollegeIndicator
A1: Table 4. Number of College per Lakh Population(18-23 YEARS), Average Enrolment per College
A2: Sl. No. | B2: States/UTs | C2: No. of College | D2: No. of College per lakh population | E2: Average Enrolment
E3: All Colleges | F3: Government College | G3: Private (Un-Aided) | H3: Private (Aided)
A4: 1 | B4: 2 | C4: 3 | D4: 4 | E4: 5 | F4: 6 | G4: 7 | H4: 8
A5: 1 | B5: Andaman and Nicobar Islands | C5: 9 | D5: 17.319016 | E5: 845.33333 | F5: ='5ManagementCollegeNo'!K5/'5ManagementCollegeNo'!F5 -> 845.33333
A6: 2 | B6: Andhra Pradesh | C6: 2601 | D6: 48.758395 | E6: 540.55479 | F6: ='5ManagementCollegeNo'!K6/'5ManagementCollegeNo'!F6 -> 603.50333 | G6: ='5ManagementCollegeNo'!H6/'5ManagementCollegeNo'!C6 -> 519.44524 | H6: ='5ManagementCollegeNo'!I6/'5ManagementCollegeNo'!D6 -> 851.36196
A7: 3 | B7: Arunachal Pradesh | C7: 42 | D7: 26.809138 | E7: 547.11905 | F7: ='5ManagementCollegeNo'!K7/'5ManagementCollegeNo'!F7 -> 727.08696 | G7: ='5ManagementCollegeNo'!H7/'5ManagementCollegeNo'!C7 -> 358.14286 | H7: ='5ManagementCollegeNo'!I7/'5ManagementCollegeNo'!D7 -> 310.5
A8: 4 | B8: Assam | C8: 595 | D8: 15.762362 | E8: 795.42857 | F8: ='5ManagementCollegeNo'!K8/'5ManagementCollegeNo'!F8 -> 980.16593 | G8: ='5ManagementCollegeNo'!H8/'5ManagementCollegeNo'!C8 -> 302.3494 | H8: ='5ManagementCollegeNo'!I8/'5ManagementCollegeNo'!D8 -> 206
A9: 5 | B9: Bihar | C9: 1035 | D9: 8.4588457 | E9: 1880.63 | F9: ='5ManagementCollegeNo'!K9/'5ManagementCollegeNo'!F9 -> 2804.745 | G9: ='5ManagementCollegeNo'!H9/'5ManagementCollegeNo'!C9 -> 439.22492 | H9: ='5ManagementCollegeNo'!I9/'5ManagementCollegeNo'!D9 -> 1730.1329
A10: 6 | B10: Chandigarh | C10: 26 | D10: 12.153679 | E10: 1890.2308 | F10: ='5ManagementCollegeNo'!K10/'5ManagementCollegeNo'!F10 -> 1312.8667 | G10: ='5ManagementCollegeNo'!H10/'5ManagementCollegeNo'!C10 -> 129.75 | H10: ='5ManagementCollegeNo'!I10/'5ManagementCollegeNo'!D10 -> 4133.4286
A11: 7 | B11: Chhattisgarh | C11: 870 | D11: 27.264548 | E11: 545.62644 | F11: ='5ManagementCollegeNo'!K11/'5ManagementCollegeNo'!F11 -> 793.04304 | G11: ='5ManagementCollegeNo'!H11/'5ManagementCollegeNo'!C11 -> 326.81522 | H11: ='5ManagementCollegeNo'!I11/'5ManagementCollegeNo'!D11 -> 478.77907
A12: 8 | B12: Delhi | C12: 180 | D12: 7.5316581 | E12: 1566.5722 | F12: ='5ManagementCollegeNo'!K12/'5ManagementCollegeNo'!F12 -> 2047.3265 | G12: ='5ManagementCollegeNo'!H12/'5ManagementCollegeNo'!C12 -> 959.64062 | H12: ='5ManagementCollegeNo'!I12/'5ManagementCollegeNo'!D12 -> 1811.6364
A13: 9 | B13: Goa | C13: 61 | D13: 32.05583 | E13: 684.01639 | F13: ='5ManagementCollegeNo'!K13/'5ManagementCollegeNo'!F13 -> 684.47619 | G13: ='5ManagementCollegeNo'!H13/'5ManagementCollegeNo'!C13 -> 362.85714 | H13: ='5ManagementCollegeNo'!I13/'5ManagementCollegeNo'!D13 -> 856.57692
A14: 10 | B14: Gujarat | C14: 2267 | D14: 31.228992 | E14: 526.00485 | F14: ='5ManagementCollegeNo'!K14/'5ManagementCollegeNo'!F14 -> 724.26055 | G14: ='5ManagementCollegeNo'!H14/'5ManagementCollegeNo'!C14 -> 343.09701 | H14: ='5ManagementCollegeNo'!I14/'5ManagementCollegeNo'!D14 -> 907.57384
A15: 11 | B15: Haryana | C15: 1083 | D15: 34.050929 | E15: 584.28532 | F15: ='5ManagementCollegeNo'!K15/'5ManagementCollegeNo'!F15 -> 987.10465 | G15: ='5ManagementCollegeNo'!H15/'5ManagementCollegeNo'!C15 -> 316.47591 | H15: ='5ManagementCollegeNo'!I15/'5ManagementCollegeNo'!D15 -> 1169
A16: 12 | B16: Himachal Pradesh | C16: 348 | D16: 49.725723 | E16: 510.2069 | F16: ='5ManagementCollegeNo'!K16/'5ManagementCollegeNo'!F16 -> 823.09146 | G16: ='5ManagementCollegeNo'!H16/'5ManagementCollegeNo'!C16 -> 189.25731 | H16: ='5ManagementCollegeNo'!I16/'5ManagementCollegeNo'!D16 -> 784.76923
A17: 13 | B17: Jammu and Kashmir | C17: 348 | D17: 29.009549 | E17: 593.72414 | F17: ='5ManagementCollegeNo'!K17/'5ManagementCollegeNo'!F17 -> 952.27807 | G17: ='5ManagementCollegeNo'!H17/'5ManagementCollegeNo'!C17 -> 182.75573 | H17: ='5ManagementCollegeNo'!I17/'5ManagementCollegeNo'!D17 -> 191.625
... A20: 16 | B20: Kerala | C20: 1448 | D20: 49.860044 | E20: 530.83149 | F20: ='5ManagementCollegeNo'!K20/'5ManagementCollegeNo'!F20 -> 510.38971 | G20: ='5ManagementCollegeNo'!H20/'5ManagementCollegeNo'!C20 -> 422.01925 | H20: ='5ManagementCollegeNo'!I20/'5ManagementCollegeNo'!D20 -> 1240.5333
A21: 17 | B21: Ladakh | C21: 3 | D21: 8.3363437 | E21: 777.33333 | F21: ='5ManagementCollegeNo'!K21/'5ManagementCollegeNo'!F21 -> 777.33333
A22: 18 | B22: Lakshadweep | C22: 0 | D22: 0
A23: 19 | B23: Madhya Pradesh | C23: 2610 | D23: 28.751013 | E23: 665.77969 | F23: ='5ManagementCollegeNo'!K22/'5ManagementCollegeNo'!F22 -> 1391.7047 | G23: ='5ManagementCollegeNo'!H22/'5ManagementCollegeNo'!C22 -> 420.93997 | H23: ='5ManagementCollegeNo'!I22/'5ManagementCollegeNo'!D22 -> 569.41085
A24: 20 | B24: Maharashtra | C24: 4532 | D24: 34.456327 | E24: 671.5214 | F24: ='5ManagementCollegeNo'!K23/'5ManagementCollegeNo'!F23 -> 570.1985 | G24: ='5ManagementCollegeNo'!H23/'5ManagementCollegeNo'!C23 -> 436.22152 | H24: ='5ManagementCollegeNo'!I23/'5ManagementCollegeNo'!D23 -> 1292.7375
A25: 21 | B25: Manipur | C25: 105 | D25: 32.537356 | E25: 1089.5905 | F25: ='5ManagementCollegeNo'!K24/'5ManagementCollegeNo'!F24 -> 1551.8644 | G25: ='5ManagementCollegeNo'!H24/'5ManagementCollegeNo'!C24 -> 258.78571 | H25: ='5ManagementCollegeNo'!I24/'5ManagementCollegeNo'!D24 -> 975.0625
A26: 22 | B26: Meghalaya | C26: 75 | D26: 22.528476 | E26: 817.02667 | F26: ='5ManagementCollegeNo'!K25/'5ManagementCollegeNo'!F25 -> 1279.0741 | G26: ='5ManagementCollegeNo'!H25/'5ManagementCollegeNo'!C25 -> 502.05882 | H26: ='5ManagementCollegeNo'!I25/'5ManagementCollegeNo'!D25 -> 1011.5
A27: 23 | B27: Mizoram | C27: 39 | D27: 30.897942 | E27: 650.46154 | F27: ='5ManagementCollegeNo'!K26/'5ManagementCollegeNo'!F26 -> 778.41935 | G27: ='5ManagementCollegeNo'!H26/'5ManagementCollegeNo'!C26 -> 172.85714 | H27: ='5ManagementCollegeNo'!I26/'5ManagementCollegeNo'!D26 -> 27
A28: 24 | B28: Nagaland | C28: 68 | D28: 28.410515 | E28: 489.64706 | F28: ='5ManagementCollegeNo'!K27/'5ManagementCollegeNo'!F27 -> 554.05 | G28: ='5ManagementCollegeNo'!H27/'5ManagementCollegeNo'!C27 -> 311.91667 | H28: ='5ManagementCollegeNo'!I27/'5ManagementCollegeNo'!D27 -> 527.77143
A29: 25 | B29: Odisha | C29: 1206 | D29: 26.372254 | E29: 573.31343 | F29: ='5ManagementCollegeNo'!K28/'5ManagementCollegeNo'!F28 -> 689.30458 | G29: ='5ManagementCollegeNo'!H28/'5ManagementCollegeNo'!C28 -> 397.07592 | H29: ='5ManagementCollegeNo'!I28/'5ManagementCollegeNo'!D28 -> 642.5362
A30: 26 | B30: Puducherry | C30: 81 | D30: 45.066097 | E30: 610.65432 | F30: ='5ManagementCollegeNo'!K29/'5ManagementCollegeNo'!F29 -> 1022.64 | G30: ='5ManagementCollegeNo'!H29/'5ManagementCollegeNo'!C29 -> 541.20455 | H30: ='5ManagementCollegeNo'!I29/'5ManagementCollegeNo'!D29 -> 84
A31: 27 | B31: Punjab | C31: 1039 | D31: 34.213094 | E31: 484.42926 | F31: ='5ManagementCollegeNo'!K30/'5ManagementCollegeNo'!F30 -> 722.56281 | G31: ='5ManagementCollegeNo'!H30/'5ManagementCollegeNo'!C30 -> 310.56615 | H31: ='5ManagementCollegeNo'!I30/'5ManagementCollegeNo'!D30 -> 871.07182
A32: 28 | B32: Rajasthan | C32: 3694 | D32: 39.84962 | E32: 466.77152 | F32: ='5ManagementCollegeNo'!K31/'5ManagementCollegeNo'!F31 -> 986.83795 | G32: ='5ManagementCollegeNo'!H31/'5ManagementCollegeNo'!C31 -> 387.44411 | H32: ='5ManagementCollegeNo'!I31/'5ManagementCollegeNo'!D31 -> 379.17045
A33: 29 | B33: Sikkim | C33: 23 | D33: 30.247636 | E33: 577.86957 | F33: ='5ManagementCollegeNo'!K32/'5ManagementCollegeNo'!F32 -> 811.13333 | G33: ='5ManagementCollegeNo'!H32/'5ManagementCollegeNo'!C32 -> 281
A34: 30 | B34: Tamil Nadu | C34: 2667 | D34: 39.549993 | E34: 838.15598 | F34: ='5ManagementCollegeNo'!K33/'5ManagementCollegeNo'!F33 -> 1250.3978 | G34: ='5ManagementCollegeNo'!H33/'5ManagementCollegeNo'!C33 -> 633.57129 | H34: ='5ManagementCollegeNo'!I33/'5ManagementCollegeNo'!D33 -> 1850.566
A35: 31 | B35: Telangana | C35: 2062 | D35: 53.372691 | E35: 555.60281 | F35: ='5ManagementCollegeNo'!K34/'5ManagementCollegeNo'!F34 -> 684.66429 | G35: ='5ManagementCollegeNo'!H34/'5ManagementCollegeNo'!C34 -> 539.7876 | H35: ='5ManagementCollegeNo'!I34/'5ManagementCollegeNo'!D34 -> 643.38793
A36: 32 | B36: The Dadra and Nagar Haveli and Daman and Diu | C36: 19 | D36: 13.798112 | E36: 589 | F36: ='5ManagementCollegeNo'!K35/'5ManagementCollegeNo'!F35 -> 713.2 | G36: ='5ManagementCollegeNo'!H35/'5ManagementCollegeNo'!C35 -> 507.375
A37: 33 | B37: Tripura | C37: 54 | D37: 12.735849 | E37: 1197.5 | F37: ='5ManagementCollegeNo'!K36/'5ManagementCollegeNo'!F36 -> 1358.6279 | G37: ='5ManagementCollegeNo'!H36/'5ManagementCollegeNo'!C36 -> 542.83333 | H37: ='5ManagementCollegeNo'!I36/'5ManagementCollegeNo'!D36 -> 746.75
A38: 34 | B38: Uttar Pradesh | C38: 8114 | D38: 31.840085 | E38: 613.86653 | F38: ='5ManagementCollegeNo'!K37/'5ManagementCollegeNo'!F37 -> 720.18227 | G38: ='5ManagementCollegeNo'!H37/'5ManagementCollegeNo'!C37 -> 620.85422 | H38: ='5ManagementCollegeNo'!I37/'5ManagementCollegeNo'!D37 -> 1309.8841
A39: 35 | B39: Uttarakhand | C39: 477 | D39: 40.387141 | E39: 545.55136 | F39: ='5ManagementCollegeNo'!K38/'5ManagementCollegeNo'!F38 -> 889.18471 | G39: ='5ManagementCollegeNo'!H38/'5ManagementCollegeNo'!C38 -> 410.82741 | H39: ='5ManagementCollegeNo'!I38/'5ManagementCollegeNo'!D38 -> 810.06122
A40: 36 | B40: West Bengal | C40: 1446 | D40: 13.373941 | E40: 1161.2918 | F40: ='5ManagementCollegeNo'!K39/'5ManagementCollegeNo'!F39 -> 2052.2561 | G40: ='5ManagementCollegeNo'!H39/'5ManagementCollegeNo'!C39 -> 401.68925 | H40: ='5ManagementCollegeNo'!I39/'5ManagementCollegeNo'!D39 -> 1464.0996
A41: All India | C41: 43796 | D41: 30.71676 | E41: 646.44166 | F41: ='5ManagementCollegeNo'!K40/'5ManagementCollegeNo'!F40 -> 1097.1615 | G41: ='5ManagementCollegeNo'!H40/'5ManagementCollegeNo'!C40 -> 464.67414 | H41: ='5ManagementCollegeNo'!I40/'5ManagementCollegeNo'!D40 -> 1056.7702
D42: 62.49844
D43: 0

Sheet 4aCollegeSpec
A1: Table 4(a). | C1: Specialisation-wise number of Colleges (Based on Actual Response) | N1: Table 4(a). Specialisation-wise number of Colleges (Based on Actual Response) | X1: Table 4(a). Specialisation-wise number of Colleges (Based on Actual Response)
A2: Sl. No. | B2: State/UTs | C2: General | D2: Agriculture | E2: Architecture | F2: Arts | G2: Commerce | H2: Computer Application | I2: Culture | J2: Education/Teacher Education | K2: Engineering & Technology | L2: Fine Arts | M2: Fisheries | N2: Home Science | O2: Hotel & Tourism Management | P2: Journalism & Mass Communication | Q2: Law | R2: Management | S2: Medical-Allopathy | T2: Medical-Ayurveda | U2: Medical-Dental | V2: Medical-Homeopathy | W2: Medical-Others | X2: Nursing | Y2: Oriental Learning | Z2: Others | AA2: Para Medical | AB2: Paramedical | AC2: Pharmacy | AD2: Physiotherapy | AE2: Sanskrit | AF2: Science | AG2: Social Work | AH2: Sports/Yoga/Physical Education | AI2: Veterinary | AJ2: Grand Total
A3: 1 | B3: 2 | C3: 3 | D3: 4 | E3: 5 | F3: 6 | G3: 7 | H3: 8 | I3: 9 | J3: 10 | K3: 11 | L3: 12 | M3: 13 | N3: 14 | O3: 15 | P3: 16 | Q3: 17 | R3: 18 | S3: 19 | T3: 20 | U3: 21 | V3: 22 | W3: 23 | X3: 24 | Y3: 25 | Z3: 26 | AA3: 27 | AB3: 28 | AC3: 29 | AD3: 30 | AE3: 31 | AF3: 32 | AG3: 33 | AH3: 34 | AI3: 35 | AJ3: 36
A4: 1 | B4: Andaman and Nicobar Islands | C4: 3 | D4: 0 | E4: 0 | F4: 0 | G4: 0 | H4: 0 | I4: 0 | J4: 1 | K4: 0 | L4: 0 | M4: 0 | N4: 0 | O4: 0 | P4: 0 | Q4: 1 | R4: 0 | S4: 0 | T4: 0 | U4: 0 | V4: 0 | W4: 0 | X4: 3 | Y4: 0 | Z4: 0 | AA4: 0 | AB4: 0 | AC4: 0 | AD4: 0 | AE4: 0 | AF4: 1 | AG4: 0 | AH4: 0 | AI4: 0 | AJ4: 9 | AK4: 9 | AL4: =AJ4-AK4 -> 0
A5: 2 | B5: Andhra Pradesh | C5: 1819 | D5: 27 | E5: 4 | F5: 6 | G5: 4 | H5: 10 | I5: 0 | J5: 84 | K5: 255 | L5: 0 | M5: 1 | N5: 1 | O5: 7 | P5: 0 | Q5: 16 | R5: 36 | S5: 15 | T5: 2 | U5: 11 | V5: 2 | W5: 16 | X5: 95 | Y5: 2 | Z5: 18 | AA5: 6 | AB5: 1 | AC5: 77 | AD5: 17 | AE5: 5 | AF5: 5 | AG5: 0 | AH5: 9 | AI5: 3 | AJ5: 2554 | AK5: 2554 | AL5: =AJ5-AK5 -> 0
A6: 3 | B6: Arunachal Pradesh | C6: 28 | D6: 1 | E6: 0 | F6: 0 | G6: 0 | H6: 0 | I6: 0 | J6: 7 | K6: 0 | L6: 0 | M6: 0 | N6: 0 | O6: 0 | P6: 0 | Q6: 1 | R6: 0 | S6: 1 | T6: 0 | U6: 0 | V6: 1 | W6: 0 | X6: 2 | Y6: 0 | Z6: 0 | AA6: 0 | AB6: 0 | AC6: 0 | AD6: 0 | AE6: 0 | AF6: 0 | AG6: 0 | AH6: 0 | AI6: 0 | AJ6: 41 | AK6: 41 | AL6: =AJ6-AK6 -> 0
A7: 4 | B7: Assam | C7: 249 | D7: 3 | E7: 1 | F7: 24 | G7: 8 | H7: 0 | I7: 0 | J7: 44 | K7: 154 | L7: 0 | M7: 1 | N7: 0 | O7: 0 | P7: 0 | Q7: 18 | R7: 3 | S7: 2 | T7: 1 | U7: 0 | V7: 1 | W7: 1 | X7: 8 | Y7: 0 | Z7: 4 | AA7: 6 | AB7: 0 | AC7: 14 | AD7: 1 | AE7: 1 | AF7: 3 | AG7: 0 | AH7: 0 | AI7: 13 | AJ7: 560 | AK7: 560 | AL7: =AJ7-AK7 -> 0
A8: 5 | B8: Bihar | C8: 538 | D8: 1 | E8: 0 | F8: 3 | G8: 1 | H8: 10 | I8: 0 | J8: 198 | K8: 126 | L8: 1 | M8: 0 | N8: 0 | O8: 1 | P8: 0 | Q8: 21 | R8: 6 | S8: 9 | T8: 3 | U8: 1 | V8: 6 | W8: 10 | X8: 28 | Y8: 0 | Z8: 7 | AA8: 3 | AB8: 1 | AC8: 16 | AD8: 3 | AE8: 37 | AF8: 0 | AG8: 1 | AH8: 0 | AI8: 1 | AJ8: 1032 | AK8: 1032 | AL8: =AJ8-AK8 -> 0
A9: 6 | B9: Chandigarh | C9: 9 | D9: 0 | E9: 1 | F9: 0 | G9: 1 | H9: 0 | I9: 0 | J9: 5 | K9: 2 | L9: 1 | M9: 0 | N9: 1 | O9: 0 | P9: 0 | Q9: 0 | R9: 1 | S9: 0 | T9: 1 | U9: 0 | V9: 1 | W9: 1 | X9: 0 | Y9: 0 | Z9: 0 | AA9: 0 | AB9: 0 | AC9: 0 | AD9: 0 | AE9: 0 | AF9: 0 | AG9: 0 | AH9: 1 | AI9: 1 | AJ9: 26 | AK9: 26 | AL9: =AJ9-AK9 -> 0
A10: 7 | B10: Chhattisgarh | C10: 454 | D10: 23 | E10: 1 | F10: 5 | G10: 2 | H10: 9 | I10: 0 | J10: 50 | K10: 57 | L10: 3 | M10: 1 | N10: 0 | O10: 0 | P10: 1 | Q10: 17 | R10: 1 | S10: 4 | T10: 5 | U10: 6 | V10: 3 | W10: 4 | X10: 91 | Y10: 0 | Z10: 3 | AA10: 6 | AB10: 0 | AC10: 29 | AD10: 2 | AE10: 56 | AF10: 7 | AG10: 0 | AH10: 3 | AI10: 6 | AJ10: 849 | AK10: 849 | AL10: =AJ10-AK10 -> 0
A11: 8 | B11: Delhi | C11: 76 | D11: 0 | E11: 2 | F11: 1 | G11: 0 | H11: 3 | I11: 0 | J11: 19 | K11: 15 | L11: 1 | M11: 0 | N11: 1 | O11: 1 | P11: 0 | Q11: 1 | R11: 11 | S11: 6 | T11: 2 | U11: 2 | V11: 2 | W11: 4 | X11: 9 | Y11: 0 | Z11: 5 | AA11: 1 | AB11: 0 | AC11: 11 | AD11: 0 | AE11: 0 | AF11: 0 | AG11: 0 | AH11: 0 | AI11: 0 | AJ11: 173 | AK11: 173 | AL11: =AJ11-AK11 -> 0
A12: 9 | B12: Goa | C12: 28 | D12: 1 | E12: 1 | F12: 0 | G12: 1 | H12: 0 | I12: 0 | J12: 4 | K12: 7 | L12: 2 | M12: 0 | N12: 1 | O12: 2 | P12: 0 | Q12: 2 | R12: 0 | S12: 2 | T12: 1 | U12: 1 | V12: 1 | W12: 0 | X12: 2 | Y12: 0 | Z12: 3 | AA12: 0 | AB12: 0 | AC12: 2 | AD12: 0 | AE12: 0 | AF12: 0 | AG12: 0 | AH12: 0 | AI12: 0 | AJ12: 61 | AK12: 61 | AL12: =AJ12-AK12 -> 0
A13: 10 | B13: Gujarat | C13: 729 | D13: 20 | E13: 9 | F13: 63 | G13: 78 | H13: 76 | I13: 0 | J13: 275 | K13: 234 | L13: 2 | M13: 2 | N13: 2 | O13: 5 | P13: 0 | Q13: 52 | R13: 57 | S13: 16 | T13: 14 | U13: 7 | V13: 21 | W13: 127 | X13: 165 | Y13: 0 | Z13: 25 | AA13: 12 | AB13: 3 | AC13: 56 | AD13: 48 | AE13: 41 | AF13: 95 | AG13: 6 | AH13: 3 | AI13: 5 | AJ13: 2248 | AK13: 2248 | AL13: =AJ13-AK13 -> 0
A14: 11 | B14: Haryana | C14: 554 | D14: 4 | E14: 5 | F14: 4 | G14: 0 | H14: 4 | I14: 0 | J14: 269 | K14: 72 | L14: 0 | M14: 1 | N14: 0 | O14: 1 | P14: 0 | Q14: 22 | R14: 19 | S14: 5 | T14: 6 | U14: 7 | V14: 1 | W14: 7 | X14: 33 | Y14: 0 | Z14: 7 | AA14: 1 | AB14: 0 | AC14: 38 | AD14: 5 | AE14: 3 | AF14: 1 | AG14: 0 | AH14: 0 | AI14: 12 | AJ14: 1081 | AK14: 1081 | AL14: =AJ14-AK14 -> 0
A15: 12 | B15: Himachal Pradesh | C15: 197 | D15: 0 | E15: 0 | F15: 2 | G15: 0 | H15: 2 | I15: 0 | J15: 41 | K15: 20 | L15: 1 | M15: 0 | N15: 0 | O15: 4 | P15: 0 | Q15: 3 | R15: 3 | S15: 6 | T15: 2 | U15: 4 | V15: 1 | W15: 1 | X15: 16 | Y15: 1 | Z15: 2 | AA15: 0 | AB15: 0 | AC15: 19 | AD15: 2 | AE15: 16 | AF15: 2 | AG15: 0 | AH15: 1 | AI15: 2 | AJ15: 348 | AK15: 348 | AL15: =AJ15-AK15 -> 0
... A38: 35 | B38: West Bengal | C38: 746 | D38: 1 | E38: 0 | F38: 8 | G38: 1 | H38: 4 | I38: 0 | J38: 368 | K38: 27 | L38: 7 | M38: 2 | N38: 0 | O38: 9 | P38: 0 | Q38: 43 | R38: 12 | S38: 24 | T38: 4 | U38: 5 | V38: 11 | W38: 15 | X38: 98 | Y38: 0 | Z38: 16 | AA38: 8 | AB38: 0 | AC38: 22 | AD38: 6 | AE38: 2 | AF38: 1 | AG38: 0 | AH38: 2 | AI38: 0 | AJ38: 1442 | AK38: 1442 | AL38: =AJ38-AK38 -> 0
A39: All India | C39: 24543 | D39: 319 | E39: 165 | F39: 739 | G39: 279 | H39: 298 | I39: 1 | J39: 4058 | K39: 3022 | L39: 85 | M39: 37 | N39: 23 | O39: 201 | P39: 7 | Q39: 768 | R39: 664 | S39: 291 | T39: 251 | U39: 195 | V39: 153 | W39: 451 | X39: 1804 | Y39: 57 | Z39: 408 | AA39: 215 | AB39: 26 | AC39: 1037 | AD39: 238 | AE39: 751 | AF39: 284 | AG39: 50 | AH39: 100 | AI39: 80 | AJ39: 41600 | AK39: 41592 | AL39: =AJ39-AK39 -> 8
AL40: =AJ40-AK40 -> 0

Sheet 5ManagementCollegeNo
A1: Table | C1: 5. Number of Private and Government Colleges (Based on Actual Response) | H1: 5(a). Enrolment in Private and Government Colleges (Based on Actual Response) | M1: 5(b). Number of Colleges Established in 2019 and their Enrolment (Based on Actual Response)
A2: Sl. No. | B2: State/UTs | C2: Private (Un-Aided) | D2: Private (Aided) | E2: Private Total | F2: Government | G2: Total | H2: =C2 -> Private (Un-Aided) | I2: =D2 -> Private (Aided) | J2: Private Total | K2: Government | L2: Total | M2: =H2 -> Private (Un-Aided) | O2: =I2 -> Private (Aided) | Q2: Government | S2: Total
M3: Number | N3: Enrolment | O3: Number | P3: Enrolment | Q3: Number | R3: Enrolment | S3: Number | T3: Enrolment | U3: Gov
A4: 1 | B4: 2 | C4: 3 | D4: 4 | E4: 5 | F4: 6 | G4: 7 | H4: 3 | I4: 4 | J4: 5 | K4: 6 | L4: 7 | M4: 3 | N4: 4 | O4: 5 | P4: 6 | Q4: 7 | R4: 8 | S4: 9 | T4: 10
A5: 1 | B5: Andaman and Nicobar Islands | C5: 0 | D5: 0 | E5: 0 | F5: 9 | G5: 9 | H5: 0 | I5: 0 | J5: 0 | K5: 7608 | L5: 7608 | M5: 0 | N5: 0 | O5: 0 | P5: 0 | Q5: 0 | R5: 0 | S5: 0 | T5: 0 | U5: =K5/F5 -> 845.33333
A6: 2 | B6: Andhra Pradesh | C6: 2091 | D6: 163 | E6: 2254 | F6: 300 | G6: 2554 | H6: 1086160 | I6: 138772 | J6: 1224932 | K6: 181051 | L6: 1405983 | M6: 6 | N6: 209 | O6: 1 | P6: 40 | Q6: 2 | R6: 206 | S6: 9 | T6: 455 | U6: =K6/F6 -> 603.50333
A7: 3 | B7: Arunachal Pradesh | C7: 14 | D7: 4 | E7: 18 | F7: 23 | G7: 41 | H7: 5014 | I7: 1242 | J7: 6256 | K7: 16723 | L7: 22979 | M7: 0 | N7: 0 | O7: 0 | P7: 0 | Q7: 1 | R7: 30 | S7: 1 | T7: 30 | U7: =K7/F7 -> 727.08696
A8: 4 | B8: Assam | C8: 83 | D8: 25 | E8: 108 | F8: 452 | G8: 560 | H8: 25095 | I8: 5150 | J8: 30245 | K8: 443035 | L8: 473280 | M8: 6 | N8: 660 | O8: 2 | P8: 98 | Q8: 5 | R8: 852 | S8: 13 | T8: 1610 | U8: =K8/F8 -> 980.16593
A9: 5 | B9: Bihar | C9: 329 | D9: 158 | E9: 487 | F9: 545 | G9: 1032 | H9: 144505 | I9: 273361 | J9: 417866 | K9: 1528586 | L9: 1946452 | M9: 12 | N9: 2305 | O9: 3 | P9: 384 | Q9: 1 | R9: 199 | S9: 16 | T9: 2888 | U9: =K9/F9 -> 2804.745
A10: 6 | B10: Chandigarh | C10: 4 | D10: 7 | E10: 11 | F10: 15 | G10: 26 | H10: 519 | I10: 28934 | J10: 29453 | K10: 19693 | L10: 49146 | M10: 0 | N10: 0 | O10: 0 | P10: 0 | Q10: 0 | R10: 0 | S10: 0 | T10: 0 | U10: =K10/F10 -> 1312.8667
A11: 7 | B11: Chhattisgarh | C11: 368 | D11: 86 | E11: 454 | F11: 395 | G11: 849 | H11: 120268 | I11: 41175 | J11: 161443 | K11: 313252 | L11: 474695 | M11: 14 | N11: 775 | O11: 2 | P11: 53 | Q11: 5 | R11: 97 | S11: 21 | T11: 925 | U11: =K11/F11 -> 793.04304
A12: 8 | B12: Delhi | C12: 64 | D12: 11 | E12: 75 | F12: 98 | G12: 173 | H12: 61417 | I12: 19928 | J12: 81345 | K12: 200638 | L12: 281983 | M12: 0 | N12: 0 | O12: 0 | P12: 0 | Q12: 0 | R12: 0 | S12: 0 | T12: 0 | U12: =K12/F12 -> 2047.3265
A13: 9 | B13: Goa | C13: 14 | D13: 26 | E13: 40 | F13: 21 | G13: 61 | H13: 5080 | I13: 22271 | J13: 27351 | K13: 14374 | L13: 41725 | M13: 0 | N13: 0 | O13: 0 | P13: 0 | Q13: 1 | R13: 8 | S13: 1 | T13: 8 | U13: =K13/F13 -> 684.47619
A14: 10 | B14: Gujarat | C14: 1371 | D14: 474 | E14: 1845 | F14: 403 | G14: 2248 | H14: 470386 | I14: 430190 | J14: 900576 | K14: 291877 | L14: 1192453 | M14: 75 | N14: 4891 | O14: 11 | P14: 663 | Q14: 5 | R14: 312 | S14: 91 | T14: 5866 | U14: =K14/F14 -> 724.26055
A15: 11 | B15: Haryana | C15: 685 | D15: 138 | E15: 823 | F15: 258 | G15: 1081 | H15: 216786 | I15: 161322 | J15: 378108 | K15: 254673 | L15: 632781 | M15: 3 | N15: 188 | O15: 0 | P15: 0 | Q15: 14 | R15: 961 | S15: 17 | T15: 1149 | U15: =K15/F15 -> 987.10465
A16: 12 | B16: Himachal Pradesh | C16: 171 | D16: 13 | E16: 184 | F16: 164 | G16: 348 | H16: 32363 | I16: 10202 | J16: 42565 | K16: 134987 | L16: 177552 | M16: 3 | N16: 206 | O16: 0 | P16: 0 | Q16: 0 | R16: 0 | S16: 3 | T16: 206 | U16: =K16/F16 -> 823.09146
... A20: 16 | B20: Kerala | C20: 831 | D20: 225 | E20: 1056 | F20: 272 | G20: 1328 | H20: 350698 | I20: 279120 | J20: 629818 | K20: 138826 | L20: 768644 | M20: 3 | N20: 290 | O20: 1 | P20: 28 | Q20: 1 | R20: 28 | S20: 5 | T20: 346 | U20: =K20/F20 -> 510.38971
A21: 17 | B21: Ladakh | C21: 0 | D21: 0 | E21: 0 | F21: 3 | G21: 3 | H21: 0 | I21: 0 | J21: 0 | K21: 2332 | L21: 2332 | M21: 0 | N21: 0 | O21: 0 | P21: 0 | Q21: 0 | R21: 0 | U21: =K21/F21 -> 777.33333
A22: 18 | B22: Madhya Pradesh | C22: 1316 | D22: 258 | E22: 1574 | F22: 745 | G22: 2319 | H22: 553957 | I22: 146908 | J22: 700865 | K22: 1036820 | L22: 1737685 | M22: 18 | N22: 1526 | O22: 8 | P22: 483 | Q22: 6 | R22: 504 | S22: 32 | T22: 2513 | U22: =K22/F22 -> 1391.7047
A23: 19 | B23: Maharashtra | C23: 2835 | D23: 1162 | E23: 3997 | F23: 534 | G23: 4531 | H23: 1236688 | I23: 1502161 | J23: 2738849 | K23: 304486 | L23: 3043335 | M23: 76 | N23: 5718 | O23: 0 | P23: 0 | Q23: 3 | R23: 172 | S23: 79 | T23: 5890 | U23: =K23/F23 -> 570.1985
A24: 20 | B24: Manipur | C24: 28 | D24: 16 | E24: 44 | F24: 59 | G24: 103 | H24: 7246 | I24: 15601 | J24: 22847 | K24: 91560 | L24: 114407 | M24: 1 | N24: 7 | O24: 0 | P24: 0 | Q24: 0 | R24: 0 | S24: 1 | T24: 7 | U24: =K24/F24 -> 1551.8644
A25: 21 | B25: Meghalaya | C25: 17 | D25: 18 | E25: 35 | F25: 27 | G25: 62 | H25: 8535 | I25: 18207 | J25: 26742 | K25: 34535 | L25: 61277 | M25: 0 | N25: 0 | O25: 0 | P25: 0 | Q25: 0 | R25: 0 | S25: 0 | T25: 0 | U25: =K25/F25 -> 1279.0741
A26: 22 | B26: Mizoram | C26: 7 | D26: 1 | E26: 8 | F26: 31 | G26: 39 | H26: 1210 | I26: 27 | J26: 1237 | K26: 24131 | L26: 25368 | M26: 3 | N26: 228 | O26: 0 | P26: 0 | Q26: 0 | R26: 0 | S26: 3 | T26: 228 | U26: =K26/F26 -> 778.41935
A27: 23 | B27: Nagaland | C27: 12 | D27: 35 | E27: 47 | F27: 20 | G27: 67 | H27: 3743 | I27: 18472 | J27: 22215 | K27: 11081 | L27: 33296 | M27: 1 | N27: 0 | O27: 1 | P27: 20 | Q27: 0 | R27: 0 | S27: 2 | T27: 20 | U27: =K27/F27 -> 554.05
A28: 24 | B28: Odisha | C28: 382 | D28: 442 | E28: 824 | F28: 371 | G28: 1195 | H28: 151683 | I28: 284001 | J28: 435684 | K28: 255732 | L28: 691416 | M28: 40 | N28: 2435 | O28: 4 | P28: 203 | Q28: 3 | R28: 174 | S28: 47 | T28: 2812 | U28: =K28/F28 -> 689.30458
A29: 25 | B29: Puducherry | C29: 44 | D29: 1 | E29: 45 | F29: 25 | G29: 70 | H29: 23813 | I29: 84 | J29: 23897 | K29: 25566 | L29: 49463 | M29: 0 | N29: 0 | O29: 0 | P29: 0 | Q29: 0 | R29: 0 | S29: 0 | T29: 0 | U29: =K29/F29 -> 1022.64
A30: 26 | B30: Punjab | C30: 650 | D30: 181 | E30: 831 | F30: 199 | G30: 1030 | H30: 201868 | I30: 157664 | J30: 359532 | K30: 143790 | L30: 503322 | M30: 6 | N30: 425 | O30: 0 | P30: 0 | Q30: 3 | R30: 217 | S30: 9 | T30: 642 | U30: =K30/F30 -> 722.56281
A31: 27 | B31: Rajasthan | C31: 2353 | D31: 264 | E31: 2617 | F31: 722 | G31: 3339 | H31: 911656 | I31: 100101 | J31: 1011757 | K31: 712497 | L31: 1724254 | M31: 69 | N31: 6475 | O31: 16 | P31: 1080 | Q31: 54 | R31: 8527 | S31: 139 | T31: 16082 | U31: =K31/F31 -> 986.83795
A32: 28 | B32: Sikkim | C32: 4 | D32: 0 | E32: 4 | F32: 15 | G32: 19 | H32: 1124 | I32: 0 | J32: 1124 | K32: 12167 | L32: 13291 | M32: 0 | N32: 0 | O32: 0 | P32: 0 | Q32: 0 | R32: 0 | S32: 0 | T32: 0 | U32: =K32/F32 -> 811.13333
A33: 29 | B33: Tamil Nadu | C33: 2020 | D33: 265 | E33: 2285 | F33: 372 | G33: 2657 | H33: 1279814 | I33: 490400 | J33: 1770214 | K33: 465148 | L33: 2235362 | M33: 37 | N33: 2447 | O33: 9 | P33: 355 | Q33: 12 | R33: 1902 | S33: 58 | T33: 4704 | U33: =K33/F33 -> 1250.3978
... A39: 35 | B39: West Bengal | C39: 679 | D39: 271 | E39: 950 | F39: 492 | G39: 1442 | H39: 272747 | I39: 396771 | J39: 669518 | K39: 1009710 | L39: 1679228 | M39: 7 | N39: 602 | O39: 3 | P39: 295 | Q39: 1 | R39: 9 | S39: 11 | T39: 906 | U39: =K39/F39 -> 2052.2561
A40: All India | C40: 27039 | D40: 5658 | E40: 32697 | F40: 8903 | G40: 41600 | H40: 12564324 | I40: 5979206 | J40: 18543530 | K40: 9768029 | L40: 28311559 | M40: 523 | N40: 38589 | O40: 69 | P40: 4378 | Q40: 136 | R40: 15771 | S40: 728 | T40: 58738 | U40: =K40/F40 -> 1097.1615

Sheet 6TotalEnr
B1: Table | C1: 6. State-wise Estimated Enrolment at various levels | L1: 6. State-wise Estimated Enrolment at various levels | U1: 6. State-wise Estimated Enrolment at various levels
A2: Sl No | B2: State | C2: Ph.D. | F2: M.Phil. | I2: Post Graduate | L2: Under Graduate | O2: PG Diploma | R2: Diploma | U2: Certificate | X2: Integrated | AA2: Grand Total
C3: Male | D3: Female | E3: Total | F3: Male | G3: Female | H3: Total | I3: Male | J3: Female | K3: Total | L3: Male | M3: Female | N3: Total | O3: Male | P3: Female | Q3: Total | R3: Male | S3: Female | T3: Total | U3: Male | V3: Female | W3: Total | X3: Male | Y3: Female | Z3: Total | AA3: Male | AB3: Female | AC3: Total
A4: 1 | B4: 2 | C4: 3 | D4: 4 | E4: 5 | F4: 6 | G4: 7 | H4: 8 | I4: 9 | J4: 10 | K4: 11 | L4: 12 | M4: 13 | N4: 14 | O4: 15 | P4: 16 | Q4: 17 | R4: 18 | S4: 19 | T4: 20 | U4: 21 | V4: 22 | W4: 23 | X4: 24 | Y4: 25 | Z4: 26 | AA4: 27 | AB4: 28 | AC4: 29 | AD4: 30 | AE4: 31
A5: 1 | B5: Andaman and Nicobar Islands | C5: 7 | D5: 12 | E5: 19 | F5: 0 | G5: 0 | H5: 0 | I5: 582 | J5: 979 | K5: 1561 | L5: 4055 | M5: 4672 | N5: 8727 | O5: 85 | P5: 56 | Q5: 141 | R5: 621 | S5: 455 | T5: 1076 | U5: 39 | V5: 33 | W5: 72 | X5: 145 | Y5: 224 | Z5: 369 | AA5: 5534 | AB5: 6431 | AC5: 11965 | AD5: =AC5-'9AllSAAct'!AW6 -> 11841 | AE5: 53.745819 | AF5: TRUE
A6: 2 | B6: Andhra Pradesh | C6: 4283 | D6: 2708 | E6: 6991 | F6: 70 | G6: 48 | H6: 118 | I6: 98570 | J6: 97244 | K6: 195814 | L6: 846588 | M6: 759307 | N6: 1605895 | O6: 758 | P6: 431 | Q6: 1189 | R6: 96913 | S6: 66591 | T6: 163504 | U6: 454 | V6: 696 | W6: 1150 | X6: 8429 | Y6: 4528 | Z6: 12957 | AA6: 1056065 | AB6: 931553 | AC6: 1987618 | AD6: =AC6-'9AllSAAct'!AW7 -> 1869290 | AE6: 46.832408 | AF6: TRUE
A7: 3 | B7: Arunachal Pradesh | C7: 470 | D7: 258 | E7: 728 | F7: 56 | G7: 74 | H7: 130 | I7: 5623 | J7: 5814 | K7: 11437 | L7: 22310 | M7: 20017 | N7: 42327 | O7: 97 | P7: 80 | Q7: 177 | R7: 1403 | S7: 1139 | T7: 2542 | U7: 310 | V7: 162 | W7: 472 | X7: 1196 | Y7: 726 | Z7: 1922 | AA7: 31465 | AB7: 28270 | AC7: 59735 | AD7: =AC7-'9AllSAAct'!AW8 -> 58721 | AE7: 47.257986 | AF7: TRUE
A8: 4 | B8: Assam | C8: 3648 | D8: 2356 | E8: 6004 | F8: 126 | G8: 180 | H8: 306 | I8: 23461 | J8: 33328 | K8: 56789 | L8: 297876 | M8: 304835 | N8: 602711 | O8: 984 | P8: 946 | Q8: 1930 | R8: 12972 | S8: 9814 | T8: 22786 | U8: 459 | V8: 866 | W8: 1325 | X8: 2459 | Y8: 2783 | Z8: 5242 | AA8: 341985 | AB8: 355108 | AC8: 697093 | AD8: =AC8-'9AllSAAct'!AW9 -> 679640 | AE8: 50.923616 | AF8: TRUE
A9: 5 | B9: Bihar | C9: 2625 | D9: 1183 | E9: 3808 | F9: 50 | G9: 23 | H9: 73 | I9: 99157 | J9: 84462 | K9: 183619 | L9: 1141620 | M9: 911387 | N9: 2053007 | O9: 2798 | P9: 1077 | Q9: 3875 | R9: 57296 | S9: 49189 | T9: 106485 | U9: 3264 | V9: 2885 | W9: 6149 | X9: 2592 | Y9: 1333 | Z9: 3925 | AA9: 1309402 | AB9: 1051539 | AC9: 2360941 | AD9: =AC9-'9AllSAAct'!AW10 -> 2290638 | AE9: 44.923324 | AF9: TRUE
A10: 6 | B10: Chandigarh | C10: 323 | D10: 427 | E10: 750 | F10: 158 | G10: 29 | H10: 187 | I10: 8669 | J10: 13715 | K10: 22384 | L10: 40358 | M10: 35349 | N10: 75707 | O10: 1138 | P10: 1181 | Q10: 2319 | R10: 3035 | S10: 3631 | T10: 6666 | U10: 245 | V10: 237 | W10: 482 | X10: 883 | Y10: 1087 | Z10: 1970 | AA10: 54809 | AB10: 55656 | AC10: 110465 | AD10: =AC10-'9AllSAAct'!AW11 -> 106735 | AE10: 50.176752 | AF10: TRUE
A11: 7 | B11: Chhattisgarh | C11: 910 | D11: 744 | E11: 1654 | F11: 36 | G11: 22 | H11: 58 | I11: 33737 | J11: 46771 | K11: 80508 | L11: 215732 | M11: 259411 | N11: 475143 | O11: 14443 | P11: 14621 | Q11: 29064 | R11: 36144 | S11: 27021 | T11: 63165 | U11: 296 | V11: 435 | W11: 731 | X11: 1542 | Y11: 1540 | Z11: 3082 | AA11: 302840 | AB11: 350565 | AC11: 653405 | AD11: =AC11-'9AllSAAct'!AW12 -> 646847 | AE11: 53.468729 | AF11: TRUE
A12: 8 | B12: Delhi | C12: 8112 | D12: 7332 | E12: 15444 | F12: 772 | G12: 764 | H12: 1536 | I12: 69649 | J12: 97222 | K12: 166871 | L12: 454449 | M12: 409832 | N12: 864281 | O12: 9715 | P12: 7442 | Q12: 17157 | R12: 17002 | S12: 15459 | T12: 32461 | U12: 1415 | V12: 1143 | W12: 2558 | X12: 3735 | Y12: 2228 | Z12: 5963 | AA12: 564849 | AB12: 541422 | AC12: 1106271 | AD12: =AC12-'9AllSAAct'!AW13 -> 1081454 | AE12: 48.932658 | AF12: TRUE
A13: 9 | B13: Goa | C13: 276 | D13: 340 | E13: 616 | F13: 6 | G13: 2 | H13: 8 | I13: 3113 | J13: 4464 | K13: 7577 | L13: 20785 | M13: 23406 | N13: 44191 | O13: 108 | P13: 139 | Q13: 247 | R13: 4677 | S13: 1593 | T13: 6270 | U13: 17 | V13: 14 | W13: 31 | X13: 422 | Y13: 923 | Z13: 1345 | AA13: 29404 | AB13: 30881 | AC13: 60285 | AD13: =AC13-'9AllSAAct'!AW14 -> 52433 | AE13: 51.354314 | AF13: TRUE
A14: 10 | B14: Gujarat | C14: 4819 | D14: 3202 | E14: 8021 | F14: 135 | G14: 177 | H14: 312 | I14: 86719 | J14: 99388 | K14: 186107 | L14: 712608 | M14: 545854 | N14: 1258462 | O14: 3856 | P14: 3072 | Q14: 6928 | R14: 103346 | S14: 50683 | T14: 154029 | U14: 17256 | V14: 5035 | W14: 22291 | X14: 9405 | Y14: 7575 | Z14: 16980 | AA14: 938144 | AB14: 714986 | AC14: 1653130 | AD14: =AC14-'9AllSAAct'!AW15 -> 1623232 | AE14: 43.084877 | AF14: TRUE
A15: 11 | B15: Haryana | C15: 2046 | D15: 2502 | E15: 4548 | F15: 104 | G15: 142 | H15: 246 | I15: 50192 | J15: 80377 | K15: 130569 | L15: 392179 | M15: 389514 | N15: 781693 | O15: 1596 | P15: 1331 | Q15: 2927 | R15: 61163 | S15: 28798 | T15: 89961 | U15: 693 | V15: 991 | W15: 1684 | X15: 9840 | Y15: 7691 | Z15: 17531 | AA15: 517813 | AB15: 511346 | AC15: 1029159 | AD15: =AC15-'9AllSAAct'!AW16 -> 968625 | AE15: 49.614327 | AF15: TRUE
A16: 12 | B16: Himachal Pradesh | C16: 1100 | D16: 1012 | E16: 2112 | F16: 136 | G16: 134 | H16: 270 | I16: 13471 | J16: 16133 | K16: 29604 | L16: 107717 | M16: 128469 | N16: 236186 | O16: 730 | P16: 753 | Q16: 1483 | R16: 8214 | S16: 8687 | T16: 16901 | U16: 324 | V16: 236 | W16: 560 | X16: 1504 | Y16: 965 | Z16: 2469 | AA16: 133196 | AB16: 156389 | AC16: 289585 | AD16: =AC16-'9AllSAAct'!AW17 -> 277261 | AE16: 53.914706 | AF16: TRUE
... A20: 16 | B20: Kerala | C20: 3184 | D20: 5554 | E20: 8738 | F20: 207 | G20: 745 | H20: 952 | I20: 45876 | J20: 120643 | K20: 166519 | L20: 454250 | M20: 633728 | N20: 1087978 | O20: 1498 | P20: 1621 | Q20: 3119 | R20: 49106 | S20: 33686 | T20: 82792 | U20: 1278 | V20: 3429 | W20: 4707 | X20: 4226 | Y20: 5505 | Z20: 9731 | AA20: 559625 | AB20: 804911 | AC20: 1364536 | AD20: =AC20-'9AllSAAct'!AW21 -> 1289207 | AE20: 58.885068 | AF20: TRUE
A21: 17 | B21: Ladakh | C21: 6 | D21: 2 | E21: 8 | F21: 0 | G21: 0 | H21: 0 | I21: 70 | J21: 23 | K21: 93 | L21: 740 | M21: 1738 | N21: 2478 | O21: 0 | P21: 0 | Q21: 0 | R21: 245 | S21: 185 | T21: 430 | U21: 0 | V21: 0 | W21: 0 | X21: 47 | Y21: 91 | Z21: 138 | AA21: 1108 | AB21: 2039 | AC21: 3147 | AD21: =AC21-'9AllSAAct'!AW22 -> 2932
A22: 18 | B22: Lakshadweep | C22: 0 | D22: 0 | E22: 0 | F22: 0 | G22: 0 | H22: 0 | I22: 0 | J22: 26 | K22: 26 | L22: 133 | M22: 401 | N22: 534 | O22: 0 | P22: 0 | Q22: 0 | R22: 0 | S22: 0 | T22: 0 | U22: 0 | V22: 0 | W22: 0 | X22: 0 | Y22: 0 | Z22: 0 | AA22: 133 | AB22: 427 | AC22: 560 | AD22: =AC22-'9AllSAAct'!AW23 -> 560 | AF22: FALSE
A23: 19 | B23: Madhya Pradesh | C23: 3676 | D23: 2477 | E23: 6153 | F23: 91 | G23: 58 | H23: 149 | I23: 159236 | J23: 184377 | K23: 343613 | L23: 1067537 | M23: 947070 | N23: 2014607 | O23: 21531 | P23: 19739 | Q23: 41270 | R23: 103265 | S23: 56449 | T23: 159714 | U23: 2298 | V23: 1272 | W23: 3570 | X23: 16402 | Y23: 13083 | Z23: 29485 | AA23: 1374036 | AB23: 1224525 | AC23: 2598561 | AD23: =AC23-'9AllSAAct'!AW24 -> 2542272 | AE23: 47.170897 | AF23: FALSE | AG23: 0
A24: 20 | B24: Maharashtra | C24: 9358 | D24: 6393 | E24: 15751 | F24: 385 | G24: 349 | H24: 734 | I24: 244931 | J24: 319628 | K24: 564559 | L24: 1955828 | M24: 1538148 | N24: 3493976 | O24: 14155 | P24: 10540 | Q24: 24695 | R24: 236423 | S24: 157788 | T24: 394211 | U24: 22503 | V24: 13879 | W24: 36382 | X24: 8314 | Y24: 7527 | Z24: 15841 | AA24: 2491897 | AB24: 2054252 | AC24: 4546149 | AD24: =AC24-'9AllSAAct'!AW25 -> 4220474 | AE24: 45.074784 | AF24: FALSE | AG24: 0
A25: 21 | B25: Manipur | C25: 624 | D25: 569 | E25: 1193 | F25: 0 | G25: 12 | H25: 12 | I25: 4813 | J25: 5649 | K25: 10462 | L25: 61246 | M25: 60261 | N25: 121507 | O25: 396 | P25: 269 | Q25: 665 | R25: 1637 | S25: 2607 | T25: 4244 | U25: 200 | V25: 216 | W25: 416 | X25: 0 | Y25: 0 | Z25: 0 | AA25: 68916 | AB25: 69583 | AC25: 138499 | AD25: =AC25-'9AllSAAct'!AW26 -> 135361 | AE25: 50.024748 | AF25: FALSE
A26: 22 | B26: Meghalaya | C26: 469 | D26: 364 | E26: 833 | F26: 0 | G26: 0 | H26: 0 | I26: 4039 | J26: 6124 | K26: 10163 | L26: 36840 | M26: 45359 | N26: 82199 | O26: 177 | P26: 129 | Q26: 306 | R26: 1334 | S26: 2236 | T26: 3570 | U26: 172 | V26: 214 | W26: 386 | X26: 73 | Y26: 54 | Z26: 127 | AA26: 43104 | AB26: 54480 | AC26: 97584 | AD26: =AC26-'9AllSAAct'!AW27 -> 93390 | AE26: 55.413124 | AF26: FALSE
A27: 23 | B27: Mizoram | C27: 551 | D27: 436 | E27: 987 | F27: 56 | G27: 59 | H27: 115 | I27: 1992 | J27: 2478 | K27: 4470 | L27: 15802 | M27: 14971 | N27: 30773 | O27: 61 | P27: 42 | Q27: 103 | R27: 710 | S27: 1480 | T27: 2190 | U27: 0 | V27: 20 | W27: 20 | X27: 29 | Y27: 23 | Z27: 52 | AA27: 19201 | AB27: 19509 | AC27: 38710 | AD27: =AC27-'9AllSAAct'!AW28 -> 36298 | AE27: 50.39783 | AF27: FALSE
A28: 24 | B28: Nagaland | C28: 279 | D28: 314 | E28: 593 | F28: 23 | G28: 30 | H28: 53 | I28: 2843 | J28: 4252 | K28: 7095 | L28: 17600 | M28: 19228 | N28: 36828 | O28: 42 | P28: 71 | Q28: 113 | R28: 859 | S28: 1210 | T28: 2069 | U28: 98 | V28: 99 | W28: 197 | X28: 6 | Y28: 0 | Z28: 6 | AA28: 21750 | AB28: 25204 | AC28: 46954 | AD28: =AC28-'9AllSAAct'!AW29 -> 45140 | AE28: 53.654843 | AF28: FALSE
A29: 25 | B29: Odisha | C29: 1955 | D29: 1326 | E29: 3281 | F29: 352 | G29: 378 | H29: 730 | I29: 48874 | J29: 50344 | K29: 99218 | L29: 370312 | M29: 368176 | N29: 738488 | O29: 2408 | P29: 1394 | Q29: 3802 | R29: 94732 | S29: 50884 | T29: 145616 | U29: 1321 | V29: 2268 | W29: 3589 | X29: 5929 | Y29: 6369 | Z29: 12298 | AA29: 525883 | AB29: 481139 | AC29: 1007022 | AD29: =AC29-'9AllSAAct'!AW30 -> 879153 | AE29: 47.688334 | AF29: FALSE
A30: 26 | B30: Puducherry | C30: 271 | D30: 325 | E30: 596 | F30: 0 | G30: 2 | H30: 2 | I30: 12865 | J30: 13359 | K30: 26224 | L30: 26875 | M30: 32921 | N30: 59796 | O30: 15 | P30: 16 | Q30: 31 | R30: 2806 | S30: 1056 | T30: 3862 | U30: 1 | V30: 6 | W30: 7 | X30: 354 | Y30: 381 | Z30: 735 | AA30: 43187 | AB30: 48066 | AC30: 91253 | AD30: =AC30-'9AllSAAct'!AW31 -> 87515 | AE30: 52.974037 | AF30: FALSE
A31: 27 | B31: Punjab | C31: 4628 | D31: 4938 | E31: 9566 | F31: 142 | G31: 169 | H31: 311 | I31: 43610 | J31: 60696 | K31: 104306 | L31: 302634 | M31: 284359 | N31: 586993 | O31: 1905 | P31: 2394 | Q31: 4299 | R31: 56209 | S31: 52491 | T31: 108700 | U31: 617 | V31: 696 | W31: 1313 | X31: 8499 | Y31: 9348 | Z31: 17847 | AA31: 418244 | AB31: 415091 | AC31: 833335 | AD31: =AC31-'9AllSAAct'!AW32 -> 774852 | AE31: 49.857581 | AF31: FALSE
A32: 28 | B32: Rajasthan | C32: 6588 | D32: 6379 | E32: 12967 | F32: 166 | G32: 104 | H32: 270 | I32: 113499 | J32: 134819 | K32: 248318 | L32: 1014468 | M32: 924253 | N32: 1938721 | O32: 7736 | P32: 4554 | Q32: 12290 | R32: 82769 | S32: 36538 | T32: 119307 | U32: 3930 | V32: 3916 | W32: 7846 | X32: 49148 | Y32: 43923 | Z32: 93071 | AA32: 1278304 | AB32: 1154486 | AC32: 2432790 | AD32: =AC32-'9AllSAAct'!AW33 -> 2367520 | AE32: 46.291411 | AF32: FALSE
A33: 29 | B33: Sikkim | C33: 115 | D33: 80 | E33: 195 | F33: 34 | G33: 30 | H33: 64 | I33: 2929 | J33: 4001 | K33: 6930 | L33: 12295 | M33: 12533 | N33: 24828 | O33: 32 | P33: 11 | Q33: 43 | R33: 1088 | S33: 1179 | T33: 2267 | U33: 61 | V33: 11 | W33: 72 | X33: 153 | Y33: 222 | Z33: 375 | AA33: 16707 | AB33: 18067 | AC33: 34774 | AD33: =AC33-'9AllSAAct'!AW34 -> 33164 | AE33: 51.844609 | AF33: FALSE
A34: 30 | B34: Tamil Nadu | C34: 17443 | D34: 16968 | E34: 34411 | F34: 1696 | G34: 5007 | H34: 6703 | I34: 185725 | J34: 278930 | K34: 464655 | L34: 1182067 | M34: 1280466 | N34: 2462533 | O34: 9155 | P34: 6392 | Q34: 15547 | R34: 247335 | S34: 61174 | T34: 308509 | U34: 6676 | V34: 14108 | W34: 20784 | X34: 12056 | Y34: 11241 | Z34: 23297 | AA34: 1662153 | AB34: 1674286 | AC34: 3336439 | AD34: =AC34-'9AllSAAct'!AW35 -> 3070535 | AE34: 50.137209 | AF34: FALSE
A35: 31 | B35: Telangana | C35: 4228 | D35: 2487 | E35: 6715 | F35: 106 | G35: 74 | H35: 180 | I35: 86425 | J35: 109813 | K35: 196238 | L35: 617563 | M35: 634298 | N35: 1251861 | O35: 4791 | P35: 3180 | Q35: 7971 | R35: 56054 | S35: 43630 | T35: 99684 | U35: 2276 | V35: 2203 | W35: 4479 | X35: 3866 | Y35: 2792 | Z35: 6658 | AA35: 775309 | AB35: 798477 | AC35: 1573786 | AD35: =AC35-'9AllSAAct'!AW36 -> 1484197 | AE35: 50.704529 | AF35: FALSE
A36: 32 | B36: The Dadra and Nagar Haveli and Daman and Diu | C36: 0 | D36: 0 | E36: 0 | F36: 0 | G36: 0 | H36: 0 | I36: 259 | J36: 508 | K36: 767 | L36: 4020 | M36: 4681 | N36: 8701 | O36: 0 | P36: 0 | Q36: 0 | R36: 1647 | S36: 397 | T36: 2044 | U36: 0 | V36: 0 | W36: 0 | X36: 22 | Y36: 36 | Z36: 58 | AA36: 5948 | AB36: 5622 | AC36: 11570 | AD36: =AC36-'9AllSAAct'!AW37 -> 11409
A37: 33 | B37: Tripura | C37: 452 | D37: 220 | E37: 672 | F37: 2 | G37: 10 | H37: 12 | I37: 5919 | J37: 6287 | K37: 12206 | L37: 38810 | M37: 34214 | N37: 73024 | O37: 116 | P37: 133 | Q37: 249 | R37: 2243 | S37: 2632 | T37: 4875 | U37: 15 | V37: 13 | W37: 28 | X37: 871 | Y37: 723 | Z37: 1594 | AA37: 48428 | AB37: 44232 | AC37: 92660 | AD37: =AC37-'9AllSAAct'!AW38 -> 91105 | AE37: 47.712447 | AF37: FALSE
A38: 34 | B38: Uttar Pradesh | C38: 11560 | D38: 8246 | E38: 19806 | F38: 234 | G38: 381 | H38: 615 | I38: 278090 | J38: 353448 | K38: 631538 | L38: 2820340 | M38: 2727844 | N38: 5548184 | O38: 30530 | P38: 23307 | Q38: 53837 | R38: 215020 | S38: 112030 | T38: 327050 | U38: 8672 | V38: 9459 | W38: 18131 | X38: 32566 | Y38: 19340 | Z38: 51906 | AA38: 3397012 | AB38: 3254055 | AC38: 6651067 | AD38: =AC38-'9AllSAAct'!AW39 -> 6406772 | AE38: 48.616604 | AF38: FALSE
A39: 35 | B39: Uttarakhand | C39: 4099 | D39: 2533 | E39: 6632 | F39: 4 | G39: 1 | H39: 5 | I39: 46493 | J39: 61555 | K39: 108048 | L39: 227696 | M39: 239419 | N39: 467115 | O39: 1231 | P39: 1122 | Q39: 2353 | R39: 20926 | S39: 7946 | T39: 28872 | U39: 450 | V39: 176 | W39: 626 | X39: 3951 | Y39: 2549 | Z39: 6500 | AA39: 304850 | AB39: 315301 | AC39: 620151 | AD39: =AC39-'9AllSAAct'!AW40 -> 599286 | AE39: 51.432567 | AF39: FALSE
A40: 36 | B40: West Bengal | C40: 8757 | D40: 5173 | E40: 13930 | F40: 1003 | G40: 963 | H40: 1966 | I40: 79405 | J40: 108051 | K40: 187456 | L40: 863390 | M40: 929778 | N40: 1793168 | O40: 3440 | P40: 2372 | Q40: 5812 | R40: 116868 | S40: 74479 | T40: 191347 | U40: 3381 | V40: 3119 | W40: 6500 | X40: 9939 | Y40: 5418 | Z40: 15357 | AA40: 1086183 | AB40: 1129353 | AC40: 2215536 | AD40: =AC40-'9AllSAAct'!AW41 -> 2059207 | AE40: 50.806754 | AF40: FALSE
A41: All India | C41: 116764 | D41: 95088 | E41: 211852 | F41: 6345 | G41: 10399 | H41: 16744 | I41: 2053794 | J41: 2662855 | K41: 4716649 | L41: 16747674 | M41: 15909835 | N41: 32657509 | O41: 143723 | P41: 113464 | Q41: 257187 | R41: 1873568 | S41: 1105752 | T41: 2979320 | U41: 83841 | V41: 72070 | W41: 155911 | X41: 212201 | Y41: 173340 | Z41: 385541 | AA41: 21237910 | AB41: 20142803 | AC41: 41380713 | AD41: =AC41-'9AllSAAct'!AW42 -> 39256280 | AE41: 48.521261 | AF41: FALSE
C42: 54.947745 | D42: 45.052255 | E42: 0.506822 | F42: 38.070776 | G42: 61.929224 | H42: 0.042705816 | I42: 43.794538 | J42: 56.205462 | K42: 11.681696 | L42: 51.428555 | M42: 48.571445 | N42: 78.922981 | O42: 56.150459 | P42: 43.849541 | Q42: 0.62444093 | R42: 63.747598 | S42: 36.252402 | T42: 6.9169626 | U42: 55.155035 | V42: 44.844965 | W42: 0.37435353 | X42: 55.116146 | Y42: 44.883854 | Z42: 0.93003859 | AA42: 51.478739 | AB42: 48.521261 | AC42: 100
B45: Level | C45: Female | D45: Male | E45: Enrolment | F45: Male % | G45: Female % | H45: % of Total
B46: Ph.D. | C46: 95088 | D46: 116764 | E46: =E41 -> 211852 | F46: 54.947745 | G46: 45.052255 | H46: 0.506822
B47: M.Phil. | C47: 10399 | D47: 6345 | E47: =H41 -> 16744 | F47: 38.070776 | G47: 61.929224 | H47: 0.042705816
B48: Post Graduate | C48: 2662855 | D48: 2053794 | E48: =K41 -> 4716649 | F48: 43.794538 | G48: 56.205462 | H48: 11.681696
B49: Under Graduate | C49: 15909835 | D49: 16747674 | E49: =N41 -> 32657509 | F49: 51.428555 | G49: 48.571445 | H49: 78.922981
B50: PG Diploma | C50: 113464 | D50: 143723 | E50: =Q41 -> 257187 | F50: 56.150459 | G50: 43.849541 | H50: 0.62444093
B51: Diploma | C51: 1105752 | D51: 1873568 | E51: =T41 -> 2979320 | F51: 63.747598 | G51: 36.252402 | H51: 6.9169626
B52: Certificate | C52: 72070 | D52: 83841 | E52: =W41 -> 155911 | F52: 55.155035 | G52: 44.844965 | H52: 0.37435353
B53: Integrated | C53: 173340 | D53: 212201 | E53: =Z41 -> 385541 | F53: 55.116146 | G53: 44.883854 | H53: 0.93003859
E54: =E47+E50+E51+E53+E52 -> 3794703
E55: =E54/10000000 -> 0.3794703
C56: Female
C57: 95088
C58: 10399
C59: 2662855
C60: 15909835
C61: 113464
C62: 1105752
C63: 72070
C64: 173340

Sheet 6aTotalRegularEnr
B1: Table 6(a). | C1: State-wise Enrolment through Regular Mode at various levels | L1: State-wise Enrolment through Regular Mode at various levels | U1: State-wise Enrolment through Regular Mode at various levels
A2: Sl No | B2: State | C2: Ph.D. | F2: M.Phil. | I2: Post Graduate | L2: Under Graduate | O2: PG Diploma | R2: Diploma | U2: Certificate | X2: Integrated | AA2: Grand Total
C3: Male | D3: Female | E3: Total | F3: Male | G3: Female | H3: Total | I3: Male | J3: Female | K3: Total | L3: Male | M3: Female | N3: Total | O3: Male | P3: Female | Q3: Total | R3: Male | S3: Female | T3: Total | U3: Male | V3: Female | W3: Total | X3: Male | Y3: Female | Z3: Total | AA3: Male | AB3: Female | AC3: Total
A4: 1 | B4: 2 | C4: 3 | D4: 4 | E4: 5 | F4: 6 | G4: 7 | H4: 8 | I4: 9 | J4: 10 | K4: 11 | L4: 12 | M4: 13 | N4: 14 | O4: 15 | P4: 16 | Q4: 17 | R4: 18 | S4: 19 | T4: 20 | U4: 21 | V4: 22 | W4: 23 | X4: 24 | Y4: 25 | Z4: 26 | AA4: 27 | AB4: 28 | AC4: 29 | AD4: DistanceEnrolment
A5: 1 | B5: Andaman and Nicobar Islands | C5: ='6TotalEnr'!C5-'6bTotalDistanceEnr'!C5 -> 7 | D5: ='6TotalEnr'!D5-'6bTotalDistanceEnr'!D5 -> 12 | E5: ='6TotalEnr'!E5-'6bTotalDistanceEnr'!E5 -> 19 | F5: ='6TotalEnr'!F5-'6bTotalDistanceEnr'!F5 -> 0 | G5: ='6TotalEnr'!G5-'6bTotalDistanceEnr'!G5 -> 0 | H5: ='6TotalEnr'!H5-'6bTotalDistanceEnr'!H5 -> 0 | I5: ='6TotalEnr'!I5-'6bTotalDistanceEnr'!I5 -> 69 | J5: ='6TotalEnr'!J5-'6bTotalDistanceEnr'!J5 -> 283 | ... AC5: ='6TotalEnr'!AC5-'6bTotalDistanceEnr'!AC5 -> 7737 | AD5: 4228 | AE5: 0.087056842
A6: 2 | B6: Andhra Pradesh | C6: ='6TotalEnr'!C6-'6bTotalDistanceEnr'!C6 -> 4283 | D6: ='6TotalEnr'!D6-'6bTotalDistanceEnr'!D6 -> 2708 | E6: ='6TotalEnr'!E6-'6bTotalDistanceEnr'!E6 -> 6991 | F6: ='6TotalEnr'!F6-'6bTotalDistanceEnr'!F6 -> 70 | G6: ='6TotalEnr'!G6-'6bTotalDistanceEnr'!G6 -> 48 | H6: ='6TotalEnr'!H6-'6bTotalDistanceEnr'!H6 -> 118 | I6: ='6TotalEnr'!I6-'6bTotalDistanceEnr'!I6 -> 89655 | J6: ='6TotalEnr'!J6-'6bTotalDistanceEnr'!J6 -> 91447 | ... AC6: ='6TotalEnr'!AC6-'6bTotalDistanceEnr'!AC6 -> 1834648 | AD6: 152975 | AE6: 3.1498393
A7: 3 | B7: Arunachal Pradesh | C7: ='6TotalEnr'!C7-'6bTotalDistanceEnr'!C7 -> 470 | D7: ='6TotalEnr'!D7-'6bTotalDistanceEnr'!D7 -> 258 | E7: ='6TotalEnr'!E7-'6bTotalDistanceEnr'!E7 -> 728 | F7: ='6TotalEnr'!F7-'6bTotalDistanceEnr'!F7 -> 56 | G7: ='6TotalEnr'!G7-'6bTotalDistanceEnr'!G7 -> 74 | H7: ='6TotalEnr'!H7-'6bTotalDistanceEnr'!H7 -> 130 | I7: ='6TotalEnr'!I7-'6bTotalDistanceEnr'!I7 -> 4281 | J7: ='6TotalEnr'!J7-'6bTotalDistanceEnr'!J7 -> 3678 | ... AC7: ='6TotalEnr'!AC7-'6bTotalDistanceEnr'!AC7 -> 48803 | AD7: 10932 | AE7: 0.22509589
A8: 4 | B8: Assam | C8: ='6TotalEnr'!C8-'6bTotalDistanceEnr'!C8 -> 3648 | D8: ='6TotalEnr'!D8-'6bTotalDistanceEnr'!D8 -> 2356 | E8: ='6TotalEnr'!E8-'6bTotalDistanceEnr'!E8 -> 6004 | F8: ='6TotalEnr'!F8-'6bTotalDistanceEnr'!F8 -> 126 | G8: ='6TotalEnr'!G8-'6bTotalDistanceEnr'!G8 -> 180 | H8: ='6TotalEnr'!H8-'6bTotalDistanceEnr'!H8 -> 306 | I8: ='6TotalEnr'!I8-'6bTotalDistanceEnr'!I8 -> 13634 | J8: ='6TotalEnr'!J8-'6bTotalDistanceEnr'!J8 -> 20125 | ... AC8: ='6TotalEnr'!AC8-'6bTotalDistanceEnr'!AC8 -> 647188 | AD8: 49905 | AE8: 1.0275714
A9: 5 | B9: Bihar | C9: ='6TotalEnr'!C9-'6bTotalDistanceEnr'!C9 -> 2625 | D9: ='6TotalEnr'!D9-'6bTotalDistanceEnr'!D9 -> 1183 | E9: ='6TotalEnr'!E9-'6bTotalDistanceEnr'!E9 -> 3808 | F9: ='6TotalEnr'!F9-'6bTotalDistanceEnr'!F9 -> 50 | G9: ='6TotalEnr'!G9-'6bTotalDistanceEnr'!G9 -> 23 | H9: ='6TotalEnr'!H9-'6bTotalDistanceEnr'!H9 -> 73 | I9: ='6TotalEnr'!I9-'6bTotalDistanceEnr'!I9 -> 50051 | J9: ='6TotalEnr'!J9-'6bTotalDistanceEnr'!J9 -> 48189 | ... AC9: ='6TotalEnr'!AC9-'6bTotalDistanceEnr'!AC9 -> 2141455 | AD9: 219486 | AE9: 4.5193373
A10: 6 | B10: Chandigarh | C10: ='6TotalEnr'!C10-'6bTotalDistanceEnr'!C10 -> 323 | D10: ='6TotalEnr'!D10-'6bTotalDistanceEnr'!D10 -> 427 | E10: ='6TotalEnr'!E10-'6bTotalDistanceEnr'!E10 -> 750 | F10: ='6TotalEnr'!F10-'6bTotalDistanceEnr'!F10 -> 158 | G10: ='6TotalEnr'!G10-'6bTotalDistanceEnr'!G10 -> 29 | H10: ='6TotalEnr'!H10-'6bTotalDistanceEnr'!H10 -> 187 | I10: ='6TotalEnr'!I10-'6bTotalDistanceEnr'!I10 -> 4244 | J10: ='6TotalEnr'!J10-'6bTotalDistanceEnr'!J10 -> 8142 | ... AC10: ='6TotalEnr'!AC10-'6bTotalDistanceEnr'!AC10 -> 74247 | AD10: 36219 | AE10: 0.74576911
A11: 7 | B11: Chhattisgarh | C11: ='6TotalEnr'!C11-'6bTotalDistanceEnr'!C11 -> 910 | D11: ='6TotalEnr'!D11-'6bTotalDistanceEnr'!D11 -> 744 | E11: ='6TotalEnr'!E11-'6bTotalDistanceEnr'!E11 -> 1654 | F11: ='6TotalEnr'!F11-'6bTotalDistanceEnr'!F11 -> 36 | G11: ='6TotalEnr'!G11-'6bTotalDistanceEnr'!G11 -> 22 | H11: ='6TotalEnr'!H11-'6bTotalDistanceEnr'!H11 -> 58 | I11: ='6TotalEnr'!I11-'6bTotalDistanceEnr'!I11 -> 25566 | J11: ='6TotalEnr'!J11-'6bTotalDistanceEnr'!J11 -> 39663 | ... AC11: ='6TotalEnr'!AC11-'6bTotalDistanceEnr'!AC11 -> 571625 | AD11: 81780 | AE11: 1.6838951
A12: 8 | B12: Delhi | C12: ='6TotalEnr'!C12-'6bTotalDistanceEnr'!C12 -> 8112 | D12: ='6TotalEnr'!D12-'6bTotalDistanceEnr'!D12 -> 7332 | E12: ='6TotalEnr'!E12-'6bTotalDistanceEnr'!E12 -> 15444 | F12: ='6TotalEnr'!F12-'6bTotalDistanceEnr'!F12 -> 772 | G12: ='6TotalEnr'!G12-'6bTotalDistanceEnr'!G12 -> 764 | H12: ='6TotalEnr'!H12-'6bTotalDistanceEnr'!H12 -> 1536 | I12: ='6TotalEnr'!I12-'6bTotalDistanceEnr'!I12 -> 20904 | J12: ='6TotalEnr'!J12-'6bTotalDistanceEnr'!J12 -> 21417 | ... AC12: ='6TotalEnr'!AC12-'6bTotalDistanceEnr'!AC12 -> 455511 | AD12: 650527 | AE12: 13.394708
A13: 9 | B13: Goa | C13: ='6TotalEnr'!C13-'6bTotalDistanceEnr'!C13 -> 276 | D13: ='6TotalEnr'!D13-'6bTotalDistanceEnr'!D13 -> 340 | E13: ='6TotalEnr'!E13-'6bTotalDistanceEnr'!E13 -> 616 | F13: ='6TotalEnr'!F13-'6bTotalDistanceEnr'!F13 -> 6 | G13: ='6TotalEnr'!G13-'6bTotalDistanceEnr'!G13 -> 2 | H13: ='6TotalEnr'!H13-'6bTotalDistanceEnr'!H13 -> 8 | I13: ='6TotalEnr'!I13-'6bTotalDistanceEnr'!I13 -> 2169 | J13: ='6TotalEnr'!J13-'6bTotalDistanceEnr'!J13 -> 3376 | ... AC13: ='6TotalEnr'!AC13-'6bTotalDistanceEnr'!AC13 -> 53344 | AD13: 6941 | AE13: 0.142919
A14: 10 | B14: Gujarat | C14: ='6TotalEnr'!C14-'6bTotalDistanceEnr'!C14 -> 4819 | D14: ='6TotalEnr'!D14-'6bTotalDistanceEnr'!D14 -> 3202 | E14: ='6TotalEnr'!E14-'6bTotalDistanceEnr'!E14 -> 8021 | F14: ='6TotalEnr'!F14-'6bTotalDistanceEnr'!F14 -> 135 | G14: ='6TotalEnr'!G14-'6bTotalDistanceEnr'!G14 -> 177 | H14: ='6TotalEnr'!H14-'6bTotalDistanceEnr'!H14 -> 312 | I14: ='6TotalEnr'!I14-'6bTotalDistanceEnr'!I14 -> 79326 | J14: ='6TotalEnr'!J14-'6bTotalDistanceEnr'!J14 -> 91062 | ... AC14: ='6TotalEnr'!AC14-'6bTotalDistanceEnr'!AC14 -> 1565877 | AD14: 156620 | AE14: 3.2248918
A15: 11 | B15: Haryana | C15: ='6TotalEnr'!C15-'6bTotalDistanceEnr'!C15 -> 2046 | D15: ='6TotalEnr'!D15-'6bTotalDistanceEnr'!D15 -> 2502 | E15: ='6TotalEnr'!E15-'6bTotalDistanceEnr'!E15 -> 4548 | F15: ='6TotalEnr'!F15-'6bTotalDistanceEnr'!F15 -> 104 | G15: ='6TotalEnr'!G15-'6bTotalDistanceEnr'!G15 -> 142 | H15: ='6TotalEnr'!H15-'6bTotalDistanceEnr'!H15 -> 246 | I15: ='6TotalEnr'!I15-'6bTotalDistanceEnr'!I15 -> 31622 | J15: ='6TotalEnr'!J15-'6bTotalDistanceEnr'!J15 -> 57938 | ... AC15: ='6TotalEnr'!AC15-'6bTotalDistanceEnr'!AC15 -> 857332 | AD15: 171827 | AE15: 3.5380123
A16: 12 | B16: Himachal Pradesh | C16: ='6TotalEnr'!C16-'6bTotalDistanceEnr'!C16 -> 1100 | D16: ='6TotalEnr'!D16-'6bTotalDistanceEnr'!D16 -> 1012 | E16: ='6TotalEnr'!E16-'6bTotalDistanceEnr'!E16 -> 2112 | F16: ='6TotalEnr'!F16-'6bTotalDistanceEnr'!F16 -> 136 | G16: ='6TotalEnr'!G16-'6bTotalDistanceEnr'!G16 -> 134 | H16: ='6TotalEnr'!H16-'6bTotalDistanceEnr'!H16 -> 270 | I16: ='6TotalEnr'!I16-'6bTotalDistanceEnr'!I16 -> 8255 | J16: ='6TotalEnr'!J16-'6bTotalDistanceEnr'!J16 -> 11665 | ... AC16: ='6TotalEnr'!AC16-'6bTotalDistanceEnr'!AC16 -> 238924 | AD16: 50661 | AE16: 1.0431378
... A20: 16 | B20: Kerala | C20: ='6TotalEnr'!C20-'6bTotalDistanceEnr'!C20 -> 3184 | D20: ='6TotalEnr'!D20-'6bTotalDistanceEnr'!D20 -> 5554 | E20: ='6TotalEnr'!E20-'6bTotalDistanceEnr'!E20 -> 8738 | F20: ='6TotalEnr'!F20-'6bTotalDistanceEnr'!F20 -> 207 | G20: ='6TotalEnr'!G20-'6bTotalDistanceEnr'!G20 -> 745 | H20: ='6TotalEnr'!H20-'6bTotalDistanceEnr'!H20 -> 952 | I20: ='6TotalEnr'!I20-'6bTotalDistanceEnr'!I20 -> 25672 | J20: ='6TotalEnr'!J20-'6bTotalDistanceEnr'!J20 -> 80026 | ... AC20: ='6TotalEnr'!AC20-'6bTotalDistanceEnr'!AC20 -> 1005737 | AD20: 358800 | AE20: 7.3878891
A21: 17 | B21: Ladakh | C21: ='6TotalEnr'!C21-'6bTotalDistanceEnr'!C21 -> 6 | D21: ='6TotalEnr'!D21-'6bTotalDistanceEnr'!D21 -> 2 | E21: ='6TotalEnr'!E21-'6bTotalDistanceEnr'!E21 -> 8 | F21: ='6TotalEnr'!F21-'6bTotalDistanceEnr'!F21 -> 0 | G21: ='6TotalEnr'!G21-'6bTotalDistanceEnr'!G21 -> 0 | H21: ='6TotalEnr'!H21-'6bTotalDistanceEnr'!H21 -> 0 | I21: ='6TotalEnr'!I21-'6bTotalDistanceEnr'!I21 -> 70 | J21: ='6TotalEnr'!J21-'6bTotalDistanceEnr'!J21 -> 23 | ... AC21: ='6TotalEnr'!AC21-'6bTotalDistanceEnr'!AC21 -> 3147
A22: 18 | B22: Lakshadweep | C22: ='6TotalEnr'!C22-'6bTotalDistanceEnr'!C22 -> 0 | D22: ='6TotalEnr'!D22-'6bTotalDistanceEnr'!D22 -> 0 | E22: ='6TotalEnr'!E22-'6bTotalDistanceEnr'!E22 -> 0 | F22: ='6TotalEnr'!F22-'6bTotalDistanceEnr'!F22 -> 0 | G22: ='6TotalEnr'!G22-'6bTotalDistanceEnr'!G22 -> 0 | H22: ='6TotalEnr'!H22-'6bTotalDistanceEnr'!H22 -> 0 | I22: ='6TotalEnr'!I22-'6bTotalDistanceEnr'!I22 -> 0 | J22: ='6TotalEnr'!J22-'6bTotalDistanceEnr'!J22 -> 26 | ... AC22: ='6TotalEnr'!AC22-'6bTotalDistanceEnr'!AC22 -> 560 | AD22: 0 | AE22: 0
A23: 19 | B23: Madhya Pradesh | C23: ='6TotalEnr'!C23-'6bTotalDistanceEnr'!C23 -> 3676 | D23: ='6TotalEnr'!D23-'6bTotalDistanceEnr'!D23 -> 2477 | E23: ='6TotalEnr'!E23-'6bTotalDistanceEnr'!E23 -> 6153 | F23: ='6TotalEnr'!F23-'6bTotalDistanceEnr'!F23 -> 91 | G23: ='6TotalEnr'!G23-'6bTotalDistanceEnr'!G23 -> 58 | H23: ='6TotalEnr'!H23-'6bTotalDistanceEnr'!H23 -> 149 | I23: ='6TotalEnr'!I23-'6bTotalDistanceEnr'!I23 -> 148845 | J23: ='6TotalEnr'!J23-'6bTotalDistanceEnr'!J23 -> 175910 | ... AC23: ='6TotalEnr'!AC23-'6bTotalDistanceEnr'!AC23 -> 2463276 | AD23: 135285 | AE23: 2.7855925
A24: 20 | B24: Maharashtra | C24: ='6TotalEnr'!C24-'6bTotalDistanceEnr'!C24 -> 9358 | D24: ='6TotalEnr'!D24-'6bTotalDistanceEnr'!D24 -> 6393 | E24: ='6TotalEnr'!E24-'6bTotalDistanceEnr'!E24 -> 15751 | F24: ='6TotalEnr'!F24-'6bTotalDistanceEnr'!F24 -> 385 | G24: ='6TotalEnr'!G24-'6bTotalDistanceEnr'!G24 -> 349 | H24: ='6TotalEnr'!H24-'6bTotalDistanceEnr'!H24 -> 734 | I24: ='6TotalEnr'!I24-'6bTotalDistanceEnr'!I24 -> 188587 | J24: ='6TotalEnr'!J24-'6bTotalDistanceEnr'!J24 -> 206097 | ... AC24: ='6TotalEnr'!AC24-'6bTotalDistanceEnr'!AC24 -> 3736253 | AD24: 809607 | AE24: 16.670253
A25: 21 | B25: Manipur | C25: ='6TotalEnr'!C25-'6bTotalDistanceEnr'!C25 -> 624 | D25: ='6TotalEnr'!D25-'6bTotalDistanceEnr'!D25 -> 569 | E25: ='6TotalEnr'!E25-'6bTotalDistanceEnr'!E25 -> 1193 | F25: ='6TotalEnr'!F25-'6bTotalDistanceEnr'!F25 -> 0 | G25: ='6TotalEnr'!G25-'6bTotalDistanceEnr'!G25 -> 12 | H25: ='6TotalEnr'!H25-'6bTotalDistanceEnr'!H25 -> 12 | I25: ='6TotalEnr'!I25-'6bTotalDistanceEnr'!I25 -> 3099 | J25: ='6TotalEnr'!J25-'6bTotalDistanceEnr'!J25 -> 4070 | ... AC25: ='6TotalEnr'!AC25-'6bTotalDistanceEnr'!AC25 -> 133311 | AD25: 5190 | AE25: 0.10686495
A26: 22 | B26: Meghalaya | C26: ='6TotalEnr'!C26-'6bTotalDistanceEnr'!C26 -> 469 | D26: ='6TotalEnr'!D26-'6bTotalDistanceEnr'!D26 -> 364 | E26: ='6TotalEnr'!E26-'6bTotalDistanceEnr'!E26 -> 833 | F26: ='6TotalEnr'!F26-'6bTotalDistanceEnr'!F26 -> 0 | G26: ='6TotalEnr'!G26-'6bTotalDistanceEnr'!G26 -> 0 | H26: ='6TotalEnr'!H26-'6bTotalDistanceEnr'!H26 -> 0 | I26: ='6TotalEnr'!I26-'6bTotalDistanceEnr'!I26 -> 3125 | J26: ='6TotalEnr'!J26-'6bTotalDistanceEnr'!J26 -> 4882 | ... AC26: ='6TotalEnr'!AC26-'6bTotalDistanceEnr'!AC26 -> 91973 | AD26: 5379 | AE26: 0.11075656
A27: 23 | B27: Mizoram | C27: ='6TotalEnr'!C27-'6bTotalDistanceEnr'!C27 -> 551 | D27: ='6TotalEnr'!D27-'6bTotalDistanceEnr'!D27 -> 436 | E27: ='6TotalEnr'!E27-'6bTotalDistanceEnr'!E27 -> 987 | F27: ='6TotalEnr'!F27-'6bTotalDistanceEnr'!F27 -> 56 | G27: ='6TotalEnr'!G27-'6bTotalDistanceEnr'!G27 -> 59 | H27: ='6TotalEnr'!H27-'6bTotalDistanceEnr'!H27 -> 115 | I27: ='6TotalEnr'!I27-'6bTotalDistanceEnr'!I27 -> 1127 | J27: ='6TotalEnr'!J27-'6bTotalDistanceEnr'!J27 -> 1313 | ... AC27: ='6TotalEnr'!AC27-'6bTotalDistanceEnr'!AC27 -> 32285 | AD27: 6425 | AE27: 0.13229428
A28: 24 | B28: Nagaland | C28: ='6TotalEnr'!C28-'6bTotalDistanceEnr'!C28 -> 279 | D28: ='6TotalEnr'!D28-'6bTotalDistanceEnr'!D28 -> 314 | E28: ='6TotalEnr'!E28-'6bTotalDistanceEnr'!E28 -> 593 | F28: ='6TotalEnr'!F28-'6bTotalDistanceEnr'!F28 -> 23 | G28: ='6TotalEnr'!G28-'6bTotalDistanceEnr'!G28 -> 30 | H28: ='6TotalEnr'!H28-'6bTotalDistanceEnr'!H28 -> 53 | I28: ='6TotalEnr'!I28-'6bTotalDistanceEnr'!I28 -> 2077 | J28: ='6TotalEnr'!J28-'6bTotalDistanceEnr'!J28 -> 2865 | ... AC28: ='6TotalEnr'!AC28-'6bTotalDistanceEnr'!AC28 -> 43651 | AD28: 3303 | AE28: 0.068010584
A29: 25 | B29: Odisha | C29: ='6TotalEnr'!C29-'6bTotalDistanceEnr'!C29 -> 1947 | D29: ='6TotalEnr'!D29-'6bTotalDistanceEnr'!D29 -> 1324 | E29: ='6TotalEnr'!E29-'6bTotalDistanceEnr'!E29 -> 3271 | F29: ='6TotalEnr'!F29-'6bTotalDistanceEnr'!F29 -> 352 | G29: ='6TotalEnr'!G29-'6bTotalDistanceEnr'!G29 -> 378 | H29: ='6TotalEnr'!H29-'6bTotalDistanceEnr'!H29 -> 730 | I29: ='6TotalEnr'!I29-'6bTotalDistanceEnr'!I29 -> 38709 | J29: ='6TotalEnr'!J29-'6bTotalDistanceEnr'!J29 -> 36806 | ... AC29: ='6TotalEnr'!AC29-'6bTotalDistanceEnr'!AC29 -> 939433 | AD29: 67403 | AE29: 1.3878648
A30: 26 | B30: Puducherry | C30: ='6TotalEnr'!C30-'6bTotalDistanceEnr'!C30 -> 271 | D30: ='6TotalEnr'!D30-'6bTotalDistanceEnr'!D30 -> 325 | E30: ='6TotalEnr'!E30-'6bTotalDistanceEnr'!E30 -> 596 | F30: ='6TotalEnr'!F30-'6bTotalDistanceEnr'!F30 -> 0 | G30: ='6TotalEnr'!G30-'6bTotalDistanceEnr'!G30 -> 2 | H30: ='6TotalEnr'!H30-'6bTotalDistanceEnr'!H30 -> 2 | I30: ='6TotalEnr'!I30-'6bTotalDistanceEnr'!I30 -> 5386 | J30: ='6TotalEnr'!J30-'6bTotalDistanceEnr'!J30 -> 7009 | ... AC30: ='6TotalEnr'!AC30-'6bTotalDistanceEnr'!AC30 -> 76890 | AD30: 14363 | AE30: 0.29574206
A31: 27 | B31: Punjab | C31: ='6TotalEnr'!C31-'6bTotalDistanceEnr'!C31 -> 4628 | D31: ='6TotalEnr'!D31-'6bTotalDistanceEnr'!D31 -> 4938 | E31: ='6TotalEnr'!E31-'6bTotalDistanceEnr'!E31 -> 9566 | F31: ='6TotalEnr'!F31-'6bTotalDistanceEnr'!F31 -> 142 | G31: ='6TotalEnr'!G31-'6bTotalDistanceEnr'!G31 -> 169 | H31: ='6TotalEnr'!H31-'6bTotalDistanceEnr'!H31 -> 311 | I31: ='6TotalEnr'!I31-'6bTotalDistanceEnr'!I31 -> 30225 | J31: ='6TotalEnr'!J31-'6bTotalDistanceEnr'!J31 -> 48376 | ... AC31: ='6TotalEnr'!AC31-'6bTotalDistanceEnr'!AC31 -> 749631 | AD31: 83533 | AE31: 1.7199904
A32: 28 | B32: Rajasthan | C32: ='6TotalEnr'!C32-'6bTotalDistanceEnr'!C32 -> 6588 | D32: ='6TotalEnr'!D32-'6bTotalDistanceEnr'!D32 -> 6379 | E32: ='6TotalEnr'!E32-'6bTotalDistanceEnr'!E32 -> 12967 | F32: ='6TotalEnr'!F32-'6bTotalDistanceEnr'!F32 -> 166 | G32: ='6TotalEnr'!G32-'6bTotalDistanceEnr'!G32 -> 104 | H32: ='6TotalEnr'!H32-'6bTotalDistanceEnr'!H32 -> 270 | I32: ='6TotalEnr'!I32-'6bTotalDistanceEnr'!I32 -> 66114 | J32: ='6TotalEnr'!J32-'6bTotalDistanceEnr'!J32 -> 105900 | ... AC32: ='6TotalEnr'!AC32-'6bTotalDistanceEnr'!AC32 -> 2201688 | AD32: 363553 | AE32: 7.485756
A33: 29 | B33: Sikkim | C33: ='6TotalEnr'!C33-'6bTotalDistanceEnr'!C33 -> 115 | D33: ='6TotalEnr'!D33-'6bTotalDistanceEnr'!D33 -> 80 | E33: ='6TotalEnr'!E33-'6bTotalDistanceEnr'!E33 -> 195 | F33: ='6TotalEnr'!F33-'6bTotalDistanceEnr'!F33 -> 34 | G33: ='6TotalEnr'!G33-'6bTotalDistanceEnr'!G33 -> 30 | H33: ='6TotalEnr'!H33-'6bTotalDistanceEnr'!H33 -> 64 | I33: ='6TotalEnr'!I33-'6bTotalDistanceEnr'!I33 -> 1633 | J33: ='6TotalEnr'!J33-'6bTotalDistanceEnr'!J33 -> 2312 | ... AC33: ='6TotalEnr'!AC33-'6bTotalDistanceEnr'!AC33 -> 27600 | AD33: 7174 | AE33: 0.1477166
... A35: 31 | B35: Telangana | C35: ='6TotalEnr'!C35-'6bTotalDistanceEnr'!C35 -> 4228 | D35: ='6TotalEnr'!D35-'6bTotalDistanceEnr'!D35 -> 2487 | E35: ='6TotalEnr'!E35-'6bTotalDistanceEnr'!E35 -> 6715 | F35: ='6TotalEnr'!F35-'6bTotalDistanceEnr'!F35 -> 106 | G35: ='6TotalEnr'!G35-'6bTotalDistanceEnr'!G35 -> 74 | H35: ='6TotalEnr'!H35-'6bTotalDistanceEnr'!H35 -> 180 | I35: ='6TotalEnr'!I35-'6bTotalDistanceEnr'!I35 -> 68545 | J35: ='6TotalEnr'!J35-'6bTotalDistanceEnr'!J35 -> 87864 | ... AC35: ='6TotalEnr'!AC35-'6bTotalDistanceEnr'!AC35 -> 1428867 | AD35: 144931 | AE35: 2.9842089
A36: 32 | B36: The Dadra and Nagar Haveli and Daman and Diu | C36: ='6TotalEnr'!C36-'6bTotalDistanceEnr'!C36 -> 0 | D36: ='6TotalEnr'!D36-'6bTotalDistanceEnr'!D36 -> 0 | E36: ='6TotalEnr'!E36-'6bTotalDistanceEnr'!E36 -> 0 | F36: ='6TotalEnr'!F36-'6bTotalDistanceEnr'!F36 -> 0 | G36: ='6TotalEnr'!G36-'6bTotalDistanceEnr'!G36 -> 0 | H36: ='6TotalEnr'!H36-'6bTotalDistanceEnr'!H36 -> 0 | I36: ='6TotalEnr'!I36-'6bTotalDistanceEnr'!I36 -> 259 | J36: ='6TotalEnr'!J36-'6bTotalDistanceEnr'!J36 -> 508 | ... AC36: ='6TotalEnr'!AC36-'6bTotalDistanceEnr'!AC36 -> 11570
A37: 33 | B37: Tripura | C37: ='6TotalEnr'!C37-'6bTotalDistanceEnr'!C37 -> 452 | D37: ='6TotalEnr'!D37-'6bTotalDistanceEnr'!D37 -> 220 | E37: ='6TotalEnr'!E37-'6bTotalDistanceEnr'!E37 -> 672 | F37: ='6TotalEnr'!F37-'6bTotalDistanceEnr'!F37 -> 2 | G37: ='6TotalEnr'!G37-'6bTotalDistanceEnr'!G37 -> 10 | H37: ='6TotalEnr'!H37-'6bTotalDistanceEnr'!H37 -> 12 | I37: ='6TotalEnr'!I37-'6bTotalDistanceEnr'!I37 -> 2536 | J37: ='6TotalEnr'!J37-'6bTotalDistanceEnr'!J37 -> 2425 | ... AC37: ='6TotalEnr'!AC37-'6bTotalDistanceEnr'!AC37 -> 80314 | AD37: 12346 | AE37: 0.25421092
A38: 34 | B38: Uttar Pradesh | C38: ='6TotalEnr'!C38-'6bTotalDistanceEnr'!C38 -> 11560 | D38: ='6TotalEnr'!D38-'6bTotalDistanceEnr'!D38 -> 8246 | E38: ='6TotalEnr'!E38-'6bTotalDistanceEnr'!E38 -> 19806 | F38: ='6TotalEnr'!F38-'6bTotalDistanceEnr'!F38 -> 234 | G38: ='6TotalEnr'!G38-'6bTotalDistanceEnr'!G38 -> 381 | H38: ='6TotalEnr'!H38-'6bTotalDistanceEnr'!H38 -> 615 | I38: ='6TotalEnr'!I38-'6bTotalDistanceEnr'!I38 -> 250456 | J38: ='6TotalEnr'!J38-'6bTotalDistanceEnr'!J38 -> 332791 | ... AC38: ='6TotalEnr'!AC38-'6bTotalDistanceEnr'!AC38 -> 6496553 | AD38: 154519 | AE38: 3.1816311
A39: 35 | B39: Uttarakhand | C39: ='6TotalEnr'!C39-'6bTotalDistanceEnr'!C39 -> 4099 | D39: ='6TotalEnr'!D39-'6bTotalDistanceEnr'!D39 -> 2533 | E39: ='6TotalEnr'!E39-'6bTotalDistanceEnr'!E39 -> 6632 | F39: ='6TotalEnr'!F39-'6bTotalDistanceEnr'!F39 -> 4 | G39: ='6TotalEnr'!G39-'6bTotalDistanceEnr'!G39 -> 1 | H39: ='6TotalEnr'!H39-'6bTotalDistanceEnr'!H39 -> 5 | I39: ='6TotalEnr'!I39-'6bTotalDistanceEnr'!I39 -> 31382 | J39: ='6TotalEnr'!J39-'6bTotalDistanceEnr'!J39 -> 40142 | ... AC39: ='6TotalEnr'!AC39-'6bTotalDistanceEnr'!AC39 -> 517324 | AD39: 186877 | AE39: 3.8479001
A40: 36 | B40: West Bengal | C40: ='6TotalEnr'!C40-'6bTotalDistanceEnr'!C40 -> 8757 | D40: ='6TotalEnr'!D40-'6bTotalDistanceEnr'!D40 -> 5173 | E40: ='6TotalEnr'!E40-'6bTotalDistanceEnr'!E40 -> 13930 | F40: ='6TotalEnr'!F40-'6bTotalDistanceEnr'!F40 -> 1003 | G40: ='6TotalEnr'!G40-'6bTotalDistanceEnr'!G40 -> 963 | H40: ='6TotalEnr'!H40-'6bTotalDistanceEnr'!H40 -> 1966 | I40: ='6TotalEnr'!I40-'6bTotalDistanceEnr'!I40 -> 54306 | J40: ='6TotalEnr'!J40-'6bTotalDistanceEnr'!J40 -> 58050 | ... AC40: ='6TotalEnr'!AC40-'6bTotalDistanceEnr'!AC40 -> 2020137 | AD40: 195404 | AE40: 4.0234757
A41: All India | C41: ='6TotalEnr'!C41-'6bTotalDistanceEnr'!C41 -> 116756 | D41: ='6TotalEnr'!D41-'6bTotalDistanceEnr'!D41 -> 95086 | E41: ='6TotalEnr'!E41-'6bTotalDistanceEnr'!E41 -> 211842 | F41: ='6TotalEnr'!F41-'6bTotalDistanceEnr'!F41 -> 6345 | G41: ='6TotalEnr'!G41-'6bTotalDistanceEnr'!G41 -> 10399 | H41: ='6TotalEnr'!H41-'6bTotalDistanceEnr'!H41 -> 16744 | I41: ='6TotalEnr'!I41-'6bTotalDistanceEnr'!I41 -> 1496213 | J41: ='6TotalEnr'!J41-'6bTotalDistanceEnr'!J41 -> 1955015 | ... AC41: ='6TotalEnr'!AC41-'6bTotalDistanceEnr'!AC41 -> 36808839 | AD41: 4856597 | AE41: 100
C43: 8 | D43: 2 | E43: 10 | F43: 0 | G43: 0 | H43: 0 | I43: 611779 | J43: 751116 | K43: 1362895 | L43: 1838085 | M43: 1291801 | N43: 3129886 | O43: 76604 | P43: 54210 | Q43: 130814 | R43: 83348 | S43: 86442 | T43: 169790 | U43: 35631 | V43: 27218 | W43: 62849 | X43: 269 | Y43: 84 | Z43: 353 | AA43: 2645724 | AB43: 2210873 | AC43: 4856597 | AD43: 11.838181
C44: TRUE | D44: TRUE | E44: TRUE | F44: TRUE | G44: TRUE | H44: TRUE | I44: TRUE | J44: TRUE | K44: TRUE | L44: TRUE | M44: TRUE | N44: TRUE | O44: TRUE | P44: TRUE | Q44: TRUE | R44: TRUE | S44: TRUE | T44: TRUE | U44: TRUE | V44: TRUE | W44: TRUE | X44: TRUE | Y44: TRUE | Z44: TRUE | AA44: TRUE | AB44: TRUE | AC44: TRUE

Sheet 6bTotalDistanceEnr
B1: Table 6(b) | C1: State-wise Enrolment through Distance Mode at various levels (Based on Actual Response) | L1: State-wise Enrolment through Distance Mode at various levels (Based on Actual Response) | U1: State-wise Enrolment through Distance Mode at various levels (Based on Actual Response)
A2: Sl No | B2: State | C2: Ph.D. | F2: M.Phil. | I2: Post Graduate | L2: Under Graduate | O2: PG Diploma | R2: Diploma | U2: Certificate | X2: Integrated | AA2: Grand Total
C3: Male | D3: Female | E3: Total | F3: Male | G3: Female | H3: Total | I3: Male | J3: Female | K3: Total | L3: Male | M3: Female | N3: Total | O3: Male | P3: Female | Q3: Total | R3: Male | S3: Female | T3: Total | U3: Male | V3: Female | W3: Total | X3: Male | Y3: Female | Z3: Total | AA3: Male | AB3: Female | AC3: Total
A4: 1 | B4: 2 | C4: 3 | D4: 4 | E4: 5 | F4: 6 | G4: 7 | H4: 8 | I4: 9 | J4: 10 | K4: 11 | L4: 12 | M4: 13 | N4: 14 | O4: 15 | P4: 16 | Q4: 17 | R4: 18 | S4: 19 | T4: 20 | U4: 21 | V4: 22 | W4: 23 | X4: 24 | Y4: 25 | Z4: 26 | AA4: 27 | AB4: 28 | AC4: 29
A5: 1 | B5: Andaman and Nicobar Islands | C5: 0 | D5: 0 | E5: 0 | G5: 0 | H5: 0 | I5: 513 | J5: 696 | K5: 1209 | L5: 1582 | M5: 1249 | N5: 2831 | O5: 71 | P5: 56 | Q5: 127 | R5: 20 | S5: 41 | T5: 61 | U5: 0 | V5: 0 | W5: 0 | X5: 0 | Y5: 0 | Z5: 0 | AA5: =C5+F5+I5+L5+O5+R5+U5+X5 -> 2186 | AB5: =D5+G5+J5+M5+P5+S5+V5+Y5 -> 2042 | AC5: =AA5+AB5 -> 4228 | AD5: 0 | AE5: Rank
A6: 2 | B6: Andhra Pradesh | C6: 0 | D6: 0 | E6: 0 | G6: 0 | H6: 0 | I6: 8915 | J6: 5797 | K6: 14712 | L6: 80708 | M6: 55086 | N6: 135794 | O6: 571 | P6: 296 | Q6: 867 | R6: 657 | S6: 588 | T6: 1245 | U6: 98 | V6: 254 | W6: 352 | X6: 0 | Y6: 0 | Z6: 0 | AA6: =C6+F6+I6+L6+O6+R6+U6+X6 -> 90949 | AB6: =D6+G6+J6+M6+P6+S6+V6+Y6 -> 62021 | AC6: =AA6+AB6 -> 152970 | AD6: 442 | AE6: 12 | AF6: Maharashtra | AG6: 809607 | AH6: 16.670253
A7: 3 | B7: Arunachal Pradesh | C7: 0 | D7: 0 | E7: 0 | G7: 0 | H7: 0 | I7: 1342 | J7: 2136 | K7: 3478 | L7: 3219 | M7: 4122 | N7: 7341 | O7: 10 | P7: 12 | Q7: 22 | R7: 33 | S7: 58 | T7: 91 | U7: 0 | V7: 0 | W7: 0 | X7: 0 | Y7: 0 | Z7: 0 | AA7: =C7+F7+I7+L7+O7+R7+U7+X7 -> 4604 | AB7: =D7+G7+J7+M7+P7+S7+V7+Y7 -> 6328 | AC7: =AA7+AB7 -> 10932 | AD7: 0 | AE7: 26 | AF7: Delhi | AG7: 650527 | AH7: 13.394708
A8: 4 | B8: Assam | C8: 0 | D8: 0 | E8: 0 | G8: 0 | H8: 0 | I8: 9827 | J8: 13203 | K8: 23030 | L8: 15329 | M8: 9687 | N8: 25016 | O8: 595 | P8: 316 | Q8: 911 | R8: 345 | S8: 450 | T8: 795 | U8: 72 | V8: 81 | W8: 153 | X8: 0 | Y8: 0 | Z8: 0 | AA8: =C8+F8+I8+L8+O8+R8+U8+X8 -> 26168 | AB8: =D8+G8+J8+M8+P8+S8+V8+Y8 -> 23737 | AC8: =AA8+AB8 -> 49905 | AD8: 0 | AE8: 22 | AF8: Tamil Nadu | AG8: 414402 | AH8: 8.5327648
A9: 5 | B9: Bihar | C9: 0 | D9: 0 | E9: 0 | G9: 0 | H9: 0 | I9: 49106 | J9: 36273 | K9: 85379 | L9: 83959 | M9: 46434 | N9: 130393 | O9: 1912 | P9: 618 | Q9: 2530 | R9: 652 | S9: 532 | T9: 1184 | U9: 0 | V9: 0 | W9: 0 | X9: 0 | Y9: 0 | Z9: 0 | AA9: =C9+F9+I9+L9+O9+R9+U9+X9 -> 135629 | AB9: =D9+G9+J9+M9+P9+S9+V9+Y9 -> 83857 | AC9: =AA9+AB9 -> 219486 | AD9: 488 | AE9: 6 | AF9: Andhra Pradesh | AG9: 152975 | AH9: 3.1498393
A10: 6 | B10: Chandigarh | C10: 0 | D10: 0 | E10: 0 | G10: 0 | H10: 0 | I10: 4425 | J10: 5573 | K10: 9998 | L10: 14253 | M10: 6622 | N10: 20875 | O10: 963 | P10: 762 | Q10: 1725 | R10: 1211 | S10: 2371 | T10: 3582 | U10: 23 | V10: 15 | W10: 38 | X10: 0 | Y10: 0 | Z10: 0 | AA10: =C10+F10+I10+L10+O10+R10+U10+X10 -> 20875 | AB10: =D10+G10+J10+M10+P10+S10+V10+Y10 -> 15343 | AC10: =AA10+AB10 -> 36218 | AD10: 0 | AE10: 23 | AF10: Kerala | AG10: 358800 | AH10: 7.3878891
A11: 7 | B11: Chhattisgarh | C11: 0 | D11: 0 | E11: 0 | G11: 0 | H11: 0 | I11: 8171 | J11: 7108 | K11: 15279 | L11: 12014 | M11: 7965 | N11: 19979 | O11: 9993 | P11: 10030 | Q11: 20023 | R11: 14777 | S11: 11684 | T11: 26461 | U11: 27 | V11: 11 | W11: 38 | X11: 0 | Y11: 0 | Z11: 0 | AA11: =C11+F11+I11+L11+O11+R11+U11+X11 -> 44982 | AB11: =D11+G11+J11+M11+P11+S11+V11+Y11 -> 36798 | AC11: =AA11+AB11 -> 81780 | AD11: 0 | AE11: 18 | AF11: West Bengal | AG11: 195404 | AH11: 4.0234757
A12: 8 | B12: Delhi | C12: 0 | D12: 0 | E12: 0 | G12: 0 | H12: 0 | I12: 48745 | J12: 75805 | K12: 124550 | L12: 287252 | M12: 224324 | N12: 511576 | O12: 5639 | P12: 4463 | Q12: 10102 | R12: 1782 | S12: 2750 | T12: 4532 | U12: 0 | V12: 0 | W12: 0 | X12: 0 | Y12: 0 | Z12: 0 | AA12: =C12+F12+I12+L12+O12+R12+U12+X12 -> 343418 | AB12: =D12+G12+J12+M12+P12+S12+V12+Y12 -> 307342 | AC12: =AA12+AB12 -> 650760 | AD12: 523 | AE12: 2
A13: 9 | B13: Goa | C13: 0 | D13: 0 | E13: 0 | G13: 0 | H13: 0 | I13: 944 | J13: 1088 | K13: 2032 | L13: 3068 | M13: 1609 | N13: 4677 | O13: 84 | P13: 68 | Q13: 152 | R13: 21 | S13: 59 | T13: 80 | U13: 0 | V13: 0 | W13: 0 | X13: 0 | Y13: 0 | Z13: 0 | AA13: =C13+F13+I13+L13+O13+R13+U13+X13 -> 4117 | AB13: =D13+G13+J13+M13+P13+S13+V13+Y13 -> 2824 | AC13: =AA13+AB13 -> 6941 | AD13: 125 | AE13: 28
A14: 10 | B14: Gujarat | C14: 0 | D14: 0 | E14: 0 | G14: 0 | H14: 0 | I14: 7393 | J14: 8326 | K14: 15719 | L14: 37140 | M14: 21910 | N14: 59050 | O14: 1211 | P14: 531 | Q14: 1742 | R14: 3289 | S14: 1378 | T14: 4667 | U14: 3983 | V14: 2092 | W14: 6075 | X14: 0 | Y14: 0 | Z14: 0 | AA14: =C14+F14+I14+L14+O14+R14+U14+X14 -> 53016 | AB14: =D14+G14+J14+M14+P14+S14+V14+Y14 -> 34237 | AC14: =AA14+AB14 -> 87253 | AD14: 104 | AE14: 10
A15: 11 | B15: Haryana | C15: 0 | D15: 0 | E15: 0 | G15: 0 | H15: 0 | I15: 18570 | J15: 22439 | K15: 41009 | L15: 86602 | M15: 39824 | N15: 126426 | O15: 507 | P15: 222 | Q15: 729 | R15: 1358 | S15: 2170 | T15: 3528 | U15: 34 | V15: 7 | W15: 41 | X15: 65 | Y15: 29 | Z15: 94 | AA15: =C15+F15+I15+L15+O15+R15+U15+X15 -> 107136 | AB15: =D15+G15+J15+M15+P15+S15+V15+Y15 -> 64691 | AC15: =AA15+AB15 -> 171827 | AD15: 284 | AE15: 9
A16: 12 | B16: Himachal Pradesh | C16: 0 | D16: 0 | E16: 0 | G16: 0 | H16: 0 | I16: 5216 | J16: 4468 | K16: 9684 | L16: 21451 | M16: 17679 | N16: 39130 | O16: 366 | P16: 181 | Q16: 547 | R16: 118 | S16: 1182 | T16: 1300 | U16: 0 | V16: 0 | W16: 0 | X16: 0 | Y16: 0 | Z16: 0 | AA16: =C16+F16+I16+L16+O16+R16+U16+X16 -> 27151 | AB16: =D16+G16+J16+M16+P16+S16+V16+Y16 -> 23510 | AC16: =AA16+AB16 -> 50661 | AD16: 96 | AE16: 21
A17: 13 | B17: Jammu and Kashmir | C17: 0 | D17: 0 | E17: 0 | G17: 0 | H17: 0 | I17: 20706 | J17: 25304 | K17: 46010 | L17: 31881 | M17: 26158 | N17: 58039 | O17: 1024 | P17: 548 | Q17: 1572 | R17: 480 | S17: 702 | T17: 1182 | U17: 35 | V17: 23 | W17: 58 | X17: 0 | Y17: 0 | Z17: 0 | AA17: =C17+F17+I17+L17+O17+R17+U17+X17 -> 54126 | AB17: =D17+G17+J17+M17+P17+S17+V17+Y17 -> 52735 | AC17: =AA17+AB17 -> 106861 | AD17: 1517 | AE17: 16
A18: 14 | B18: Jharkhand | C18: 0 | D18: 0 | E18: 0 | G18: 0 | H18: 0 | I18: 10993 | J18: 13647 | K18: 24640 | L18: 27692 | M18: 13046 | N18: 40738 | O18: 2016 | P18: 665 | Q18: 2681 | R18: 203 | S18: 400 | T18: 603 | U18: 0 | V18: 0 | W18: 0 | X18: 0 | Y18: 0 | Z18: 0 | AA18: =C18+F18+I18+L18+O18+R18+U18+X18 -> 40904 | AB18: =D18+G18+J18+M18+P18+S18+V18+Y18 -> 27758 | AC18: =AA18+AB18 -> 68662 | AD18: 22 | AE18: 19
A19: 15 | B19: Karnataka | C19: 0 | D19: 0 | E19: 0 | G19: 0 | H19: 0 | I19: 23843 | J19: 33673 | K19: 57516 | L19: 35240 | M19: 21818 | N19: 57058 | O19: 1260 | P19: 764 | Q19: 2024 | R19: 1203 | S19: 1417 | T19: =R19+S19 -> 2620 | U19: 758 | V19: 532 | W19: 1290 | X19: 0 | Y19: 0 | Z19: 0 | AA19: =C19+F19+I19+L19+O19+R19+U19+X19 -> 62304 | AB19: =D19+G19+J19+M19+P19+S19+V19+Y19 -> 58204 | AC19: =AA19+AB19 -> 120508 | AD19: 0 | AE19: 15 | AF19: =S19+36 -> 1453
A20: 16 | B20: Kerala | C20: 0 | D20: 0 | E20: 0 | G20: 0 | H20: 0 | I20: 20204 | J20: 40617 | K20: 60821 | L20: 125846 | M20: 169327 | N20: 295173 | O20: 927 | P20: 980 | Q20: 1907 | R20: 274 | S20: 572 | T20: 846 | U20: 52 | V20: 0 | W20: 52 | X20: 0 | Y20: 0 | Z20: 0 | AA20: =C20+F20+I20+L20+O20+R20+U20+X20 -> 147303 | AB20: =D20+G20+J20+M20+P20+S20+V20+Y20 -> 211496 | AC20: =AA20+AB20 -> 358799 | AD20: 350 | AE20: 5
A21: 17 | B21: Ladakh | C21: 0 | D21: 0 | E21: 0 | G21: 0 | H21: 0 | I21: 0 | J21: 0 | K21: 0 | L21: 0 | M21: 0 | N21: 0 | O21: 0 | P21: 0 | Q21: 0 | R21: 0 | S21: 0 | T21: 0 | U21: 0 | V21: 0 | W21: 0 | X21: 0 | Y21: 0 | Z21: 0 | AA21: =C21+F21+I21+L21+O21+R21+U21+X21 -> 0 | AB21: =D21+G21+J21+M21+P21+S21+V21+Y21 -> 0 | AC21: =AA21+AB21 -> 0 | AD21: 2156
A22: 18 | B22: Lakshadweep | C22: 0 | D22: 0 | E22: 0 | G22: 0 | H22: 0 | I22: 0 | J22: 0 | K22: 0 | L22: 0 | M22: 0 | N22: 0 | O22: 0 | P22: 0 | Q22: 0 | R22: 0 | S22: 0 | T22: 0 | U22: 0 | V22: 0 | W22: 0 | X22: 0 | Y22: 0 | Z22: 0 | AA22: =C22+F22+I22+L22+O22+R22+U22+X22 -> 0 | AB22: =D22+G22+J22+M22+P22+S22+V22+Y22 -> 0 | AC22: =AA22+AB22 -> 0 | AD22: 70 | AE22: 34
A23: 19 | B23: Madhya Pradesh | C23: 0 | D23: 0 | E23: 0 | G23: 0 | H23: 0 | I23: 10391 | J23: 8467 | K23: 18858 | L23: 68755 | M23: 43155 | N23: 111910 | O23: 1192 | P23: 620 | Q23: 1812 | R23: 1119 | S23: 1543 | T23: 2662 | U23: 29 | V23: 14 | W23: 43 | X23: 0 | Y23: 0 | Z23: 0 | AA23: =C23+F23+I23+L23+O23+R23+U23+X23 -> 81486 | AB23: =D23+G23+J23+M23+P23+S23+V23+Y23 -> 53799 | AC23: =AA23+AB23 -> 135285 | AD23: 0 | AE23: 14
A24: 20 | B24: Maharashtra | C24: 0 | D24: 0 | E24: 0 | G24: 0 | H24: 0 | I24: 56344 | J24: 113531 | K24: 169875 | L24: 373969 | M24: 196329 | N24: 570298 | O24: 5421 | P24: 3915 | Q24: 9336 | R24: 20628 | S24: =12110+239 -> 12349 | T24: =R24+S24 -> 32977 | U24: 17797 | V24: 9613 | W24: 27410 | X24: 0 | Y24: 0 | Z24: 0 | AA24: =C24+F24+I24+L24+O24+R24+U24+X24 -> 474159 | AB24: =D24+G24+J24+M24+P24+S24+V24+Y24 -> 335737 | AC24: =AA24+AB24 -> 809896 | AD24: 0 | AE24: 1 | AF24: =R24+52 -> 20680
A25: 21 | B25: Manipur | C25: 0 | D25: 0 | E25: 0 | G25: 0 | H25: 0 | I25: 1714 | J25: 1579 | K25: 3293 | L25: 1007 | M25: 666 | N25: 1673 | O25: 51 | P25: 47 | Q25: 98 | R25: 22 | S25: 32 | T25: 54 | U25: 40 | V25: 30 | W25: 70 | X25: 0 | Y25: 0 | Z25: 0 | AA25: =C25+F25+I25+L25+O25+R25+U25+X25 -> 2834 | AB25: =D25+G25+J25+M25+P25+S25+V25+Y25 -> 2354 | AC25: =AA25+AB25 -> 5188 | AD25: 0 | AE25: 31 | AF25: =S24+239 -> 12588
A26: 22 | B26: Meghalaya | C26: 0 | D26: 0 | E26: 0 | G26: 0 | H26: 0 | I26: 914 | J26: 1242 | K26: 2156 | L26: 1524 | M26: 1628 | N26: 3152 | O26: 135 | P26: 92 | Q26: 227 | R26: 34 | S26: 42 | T26: 76 | U26: 0 | V26: 0 | W26: 0 | X26: 0 | Y26: 0 | Z26: 0 | AA26: =C26+F26+I26+L26+O26+R26+U26+X26 -> 2607 | AB26: =D26+G26+J26+M26+P26+S26+V26+Y26 -> 3004 | AC26: =AA26+AB26 -> 5611 | AD26: 230 | AE26: 30
A27: 23 | B27: Mizoram | C27: 0 | D27: 0 | E27: 0 | G27: 0 | H27: 0 | I27: 865 | J27: 1165 | K27: 2030 | L27: 2079 | M27: 2156 | N27: 4235 | O27: 61 | P27: 42 | Q27: 103 | R27: 12 | S27: 45 | T27: 57 | U27: 0 | V27: 0 | W27: 0 | X27: 0 | Y27: 0 | Z27: 0 | AA27: =C27+F27+I27+L27+O27+R27+U27+X27 -> 3017 | AB27: =D27+G27+J27+M27+P27+S27+V27+Y27 -> 3408 | AC27: =AA27+AB27 -> 6425 | AD27: 0 | AE27: 29
A28: 24 | B28: Nagaland | C28: 0 | D28: 0 | E28: 0 | G28: 0 | H28: 0 | I28: 766 | J28: 1387 | K28: 2153 | L28: 506 | M28: 494 | N28: 1000 | O28: 42 | P28: 52 | Q28: 94 | R28: 18 | S28: 38 | T28: 56 | U28: 0 | V28: 0 | W28: 0 | X28: 0 | Y28: 0 | Z28: 0 | AA28: =C28+F28+I28+L28+O28+R28+U28+X28 -> 1332 | AB28: =D28+G28+J28+M28+P28+S28+V28+Y28 -> 1971 | AC28: =AA28+AB28 -> 3303 | AD28: 265 | AE28: 33
A29: 25 | B29: Odisha | C29: 8 | D29: 2 | E29: 10 | G29: 0 | H29: 0 | I29: 10165 | J29: 13538 | K29: 23703 | L29: 16827 | M29: 13187 | N29: 30014 | O29: 928 | P29: 528 | Q29: 1456 | R29: 2176 | S29: 10230 | T29: 12406 | U29: 0 | V29: 0 | W29: 0 | X29: 0 | Y29: 0 | Z29: 0 | AA29: =C29+F29+I29+L29+O29+R29+U29+X29 -> 30104 | AB29: =D29+G29+J29+M29+P29+S29+V29+Y29 -> 37485 | AC29: =AA29+AB29 -> 67589 | AD29: 198 | AE29: 20
A30: 26 | B30: Puducherry | C30: 0 | D30: 0 | E30: 0 | G30: 0 | H30: 0 | I30: 7479 | J30: 6350 | K30: 13829 | L30: 378 | M30: 156 | N30: 534 | O30: 0 | P30: 0 | Q30: 0 | R30: 0 | S30: 0 | T30: 0 | U30: 0 | V30: 0 | W30: 0 | X30: 0 | Y30: 0 | Z30: 0 | AA30: =C30+F30+I30+L30+O30+R30+U30+X30 -> 7857 | AB30: =D30+G30+J30+M30+P30+S30+V30+Y30 -> 6506 | AC30: =AA30+AB30 -> 14363 | AD30: 0 | AE30: 24
A31: 27 | B31: Punjab | C31: 0 | D31: 0 | E31: 0 | G31: 0 | H31: 0 | I31: 13385 | J31: 12320 | K31: 25705 | L31: 23606 | M31: 11397 | N31: 35003 | O31: 391 | P31: 187 | Q31: 578 | R31: 7461 | S31: 14938 | T31: 22399 | U31: 14 | V31: 5 | W31: 19 | X31: 0 | Y31: 0 | Z31: 0 | AA31: =C31+F31+I31+L31+O31+R31+U31+X31 -> 44857 | AB31: =D31+G31+J31+M31+P31+S31+V31+Y31 -> 38847 | AC31: =AA31+AB31 -> 83704 | AD31: 33 | AE31: 17
A32: 28 | B32: Rajasthan | C32: 0 | D32: 0 | E32: 0 | G32: 0 | H32: 0 | I32: 47385 | J32: 28919 | K32: 76304 | L32: 92012 | M32: 46755 | N32: 138767 | O32: 3586 | P32: 1455 | Q32: 5041 | R32: 6137 | S32: 4839 | T32: 10976 | U32: 0 | V32: 0 | W32: 0 | X32: 7 | Y32: 7 | Z32: 14 | AA32: =C32+F32+I32+L32+O32+R32+U32+X32 -> 149127 | AB32: =D32+G32+J32+M32+P32+S32+V32+Y32 -> 81975 | AC32: =AA32+AB32 -> 231102 | AD32: 150 | AE32: 4
A33: 29 | B33: Sikkim | C33: 0 | D33: 0 | E33: 0 | G33: 0 | H33: 0 | I33: 1296 | J33: 1689 | K33: 2985 | L33: 1948 | M33: 2144 | N33: 4092 | O33: 32 | P33: 11 | Q33: 43 | R33: 16 | S33: 38 | T33: 54 | U33: 0 | V33: 0 | W33: 0 | X33: 0 | Y33: 0 | Z33: 0 | AA33: =C33+F33+I33+L33+O33+R33+U33+X33 -> 3292 | AB33: =D33+G33+J33+M33+P33+S33+V33+Y33 -> 3882 | AC33: =AA33+AB33 -> 7174 | AD33: 0 | AE33: 27
A34: 30 | B34: Tamil Nadu | C34: 0 | D34: 0 | E34: 0 | G34: 0 | H34: 0 | I34: 78857 | J34: 103618 | K34: 182475 | L34: 91043 | M34: 94394 | N34: 185437 | O34: 7923 | P34: 5100 | Q34: 13023 | R34: 9116 | S34: 10780 | T34: 19896 | U34: 4102 | V34: 9260 | W34: 13362 | X34: 197 | Y34: 48 | Z34: 245 | AA34: =C34+F34+I34+L34+O34+R34+U34+X34 -> 191238 | AB34: =D34+G34+J34+M34+P34+S34+V34+Y34 -> 223200 | AC34: =AA34+AB34 -> 414438 | AD34: 0 | AE34: 3
A35: 31 | B35: Telangana | C35: 0 | D35: 0 | E35: 0 | G35: 0 | H35: 0 | I35: 17880 | J35: 21949 | K35: 39829 | L35: 56175 | M35: 40879 | N35: 97054 | O35: 2680 | P35: 1440 | Q35: 4120 | R35: 670 | S35: 642 | T35: 1312 | U35: 1418 | V35: 1186 | W35: 2604 | X35: 0 | Y35: 0 | Z35: 0 | AA35: =C35+F35+I35+L35+O35+R35+U35+X35 -> 78823 | AB35: =D35+G35+J35+M35+P35+S35+V35+Y35 -> 66096 | AC35: =AA35+AB35 -> 144919 | AD35: 7766 | AE35: 13
A36: 32 | B36: The Dadra and Nagar Haveli and Daman and Diu | C36: 0 | D36: 0 | E36: 0 | G36: 0 | H36: 0 | I36: 0 | J36: 0 | K36: 0 | L36: 0 | M36: 0 | N36: 0 | O36: 0 | P36: 0 | Q36: 0 | R36: 0 | S36: 0 | T36: 0 | U36: 0 | V36: 0 | W36: 0 | X36: 0 | Y36: 0 | Z36: 0 | AA36: =C36+F36+I36+L36+O36+R36+U36+X36 -> 0 | AB36: =D36+G36+J36+M36+P36+S36+V36+Y36 -> 0 | AC36: =AA36+AB36 -> 0
A37: 33 | B37: Tripura | C37: 0 | D37: 0 | E37: 0 | G37: 0 | H37: 0 | I37: 3383 | J37: 3862 | K37: 7245 | L37: 2924 | M37: 2035 | N37: 4959 | O37: 69 | P37: 26 | Q37: 95 | R37: 18 | S37: 29 | T37: 47 | U37: 0 | V37: 0 | W37: 0 | X37: 0 | Y37: 0 | Z37: 0 | AA37: =C37+F37+I37+L37+O37+R37+U37+X37 -> 6394 | AB37: =D37+G37+J37+M37+P37+S37+V37+Y37 -> 5952 | AC37: =AA37+AB37 -> 12346 | AD37: 0 | AE37: 25
A38: 34 | B38: Uttar Pradesh | C38: 0 | D38: 0 | E38: 0 | G38: 0 | H38: 0 | I38: 27634 | J38: 20657 | K38: 48291 | L38: 38622 | M38: 19807 | N38: 58429 | O38: 23467 | P38: 18200 | Q38: 41667 | R38: 1787 | S38: 1505 | T38: 3292 | U38: 1519 | V38: 1316 | W38: 2835 | X38: 0 | Y38: 0 | Z38: 0 | AA38: =C38+F38+I38+L38+O38+R38+U38+X38 -> 93029 | AB38: =D38+G38+J38+M38+P38+S38+V38+Y38 -> 61485 | AC38: =AA38+AB38 -> 154514 | AD38: 67 | AE38: 11
A39: 35 | B39: Uttarakhand | C39: 0 | D39: 0 | E39: 0 | G39: 0 | H39: 0 | I39: 15111 | J39: 21413 | K39: 36524 | L39: 33065 | M39: 31527 | N39: 64592 | O39: 459 | P39: 205 | Q39: 664 | R39: 473 | S39: 326 | T39: 799 | U39: 147 | V39: 101 | W39: 248 | X39: 0 | Y39: 0 | Z39: 0 | AA39: =C39+F39+I39+L39+O39+R39+U39+X39 -> 49255 | AB39: =D39+G39+J39+M39+P39+S39+V39+Y39 -> 53572 | AC39: =AA39+AB39 -> 102827 | AD39: 14886 | AE39: 8
A40: 36 | B40: West Bengal | C40: 0 | D40: 0 | E40: 0 | G40: 0 | H40: 0 | I40: 25099 | J40: 50001 | K40: 75100 | L40: 66742 | M40: 49049 | N40: 115791 | O40: 979 | P40: 885 | Q40: 1864 | R40: 322 | S40: 503 | T40: 825 | U40: 1331 | V40: 488 | W40: 1819 | X40: 0 | Y40: 0 | Z40: 0 | AA40: =C40+F40+I40+L40+O40+R40+U40+X40 -> 94473 | AB40: =D40+G40+J40+M40+P40+S40+V40+Y40 -> 100926 | AC40: =AA40+AB40 -> 195399 | AD40: 0 | AE40: 7
A41: All India | C41: =SUM(C5:C40) -> 8 | D41: =SUM(D5:D40) -> 2 | E41: =SUM(E5:E40) -> 10 | F41: =SUM(F5:F40) -> 0 | G41: =SUM(G5:G40) -> 0 | H41: =SUM(H5:H40) -> 0 | I41: =SUM(I5:I40) -> 557581 | J41: =SUM(J5:J40) -> 707840 | ... AC41: =SUM(AC5:AC40) -> 4571874 | AD41: 0
C42: 8 | D42: 2 | E42: 10 | AC42: =AC41-327 -> 4571547
AA43: FALSE | AB43: FALSE | AC43: FALSE
AB44: 8437 | AC44: ='6TotalEnr'!AC41-'6aTotalRegularEnr'!AC41 -> 4571874
C45: Level | D45: Male | E45: Female | F45: Total | G45: Enrolment | H45: %
C46: Ph.D. | D46: 8 | E46: 2 | F46: 10 | G46: 10 | H46: 0.00020590549
C47: M.Phil. | D47: 0 | E47: 0 | F47: 0 | G47: 0 | H47: 0
C48: Post Graduate | D48: 611779 | E48: 751116 | F48: 1362895 | G48: 1362895 | H48: 28.062757
C49: Under Graduate | D49: 1838085 | E49: 1291801 | F49: 3129886 | G49: 3129886 | H49: 64.446072
C50: PG Diploma | D50: 76604 | E50: 54210 | F50: 130814 | G50: 130814 | H50: 2.6935321
C51: Diploma | D51: 83348 | E51: 86442 | F51: 169790 | G51: 169790 | H51: 3.4960694
C52: Certificate | D52: 35631 | E52: 27218 | F52: 62849 | G52: 62849 | H52: 1.2940954
C53: Integrated | D53: 269 | E53: 84 | F53: 353 | G53: 353 | H53: 0.0072684639
C54: All | D54: 2645724 | E54: 2210873 | F54: 4856597 | G54: 4856597
D55: 54.47691 | E55: 45.52309
C56: Distance % | D56: 14.163196

Sheet 7UnivActwithConsUnit
B1: Table 7. | C1: Enrolment in Universities Teaching Departments and it's Constituent Units/Off-campus Centres (Based on Actual Response) | N1: =C1 -> Enrolment in Universities Teaching Departments and it's Constituent Units/Off-campus Centres (Based on Actual Response) | W1: =N1 -> Enrolment in Universities Teaching Departments and it's Constituent Units/Off-campus Centres (Based on Actual Response)
A2: Sl No | B2: State | C2: Number of universities | E2: Ph.D. | H2: M.Phil. | K2: Post Graduate | N2: Under Graduate | Q2: PG Diploma | T2: Diploma | W2: Certificate | Z2: Integrated | AC2: Grand Total
C3: Total | D3: Responding | E3: Male | F3: Female | G3: Total | H3: Male | I3: Female | J3: Total | K3: Male | L3: Female | M3: Total | N3: Male | O3: Female | P3: Total | Q3: Male | R3: Female | S3: Total | T3: Male | U3: Female | V3: Total | W3: Male | X3: Female | Y3: Total | Z3: Male | AA3: Female | AB3: Total | AC3: Male | AD3: Female | AE3: Total
A4: 1 | B4: 2 | C4: 3 | D4: 4 | E4: 5 | F4: 6 | G4: 7 | H4: 8 | I4: 9 | J4: 10 | K4: 11 | L4: 12 | M4: 13 | N4: 14 | O4: 15 | P4: 16 | Q4: 17 | R4: 18 | S4: 19 | T4: 20 | U4: 21 | V4: 22 | W4: 23 | X4: 24 | Y4: 25 | Z4: 26 | AA4: 27 | AB4: 28 | AC4: 29 | AD4: 30 | AE4: 31
A5: 1 | B5: Andaman and Nicobar Islands | C5: 0 | D5: 0 | E5: 0 | F5: 0 | G5: 0 | H5: 0 | I5: 0 | J5: 0 | K5: 513 | L5: 696 | M5: 1209 | N5: 1582 | O5: 1249 | P5: 2831 | Q5: 71 | R5: 56 | S5: 127 | T5: 20 | U5: 41 | V5: 61 | W5: 0 | X5: 0 | Y5: 0 | Z5: 0 | AA5: 0 | AB5: 0 | AC5: 2186 | AD5: 2042 | AE5: 4228 | AF5: =AE5-'6bTotalDistanceEnr'!AC5 -> 0
A6: 2 | B6: Andhra Pradesh | C6: 45 | D6: 45 | E6: 3784 | F6: 2358 | G6: 6142 | H6: 70 | I6: 48 | J6: 118 | K6: 31569 | L6: 30856 | M6: 62425 | N6: 168483 | O6: 123766 | P6: 292249 | Q6: 624 | R6: 317 | S6: 941 | T6: 1696 | U6: 1826 | V6: 3522 | W6: 190 | X6: 304 | Y6: 494 | Z6: 2734 | AA6: 2109 | AB6: 4843 | AC6: 209150 | AD6: 161584 | AE6: 370734 | AF6: =AE6-'6bTotalDistanceEnr'!AC6 -> 217764
A7: 3 | B7: Arunachal Pradesh | C7: 10 | D7: 10 | E7: 466 | F7: 256 | G7: 722 | H7: 56 | I7: 74 | J7: 130 | K7: 5509 | L7: 5624 | M7: 11133 | N7: 11209 | O7: 8925 | P7: 20134 | Q7: 97 | R7: 78 | S7: 175 | T7: 725 | U7: 544 | V7: 1269 | W7: 310 | X7: 162 | Y7: 472 | Z7: 978 | AA7: 568 | AB7: 1546 | AC7: 19350 | AD7: 16231 | AE7: 35581 | AF7: =AE7-'6bTotalDistanceEnr'!AC7 -> 24649
A8: 4 | B8: Assam | C8: 28 | D8: 28 | E8: 3523 | F8: 2267 | G8: 5790 | H8: 122 | I8: 154 | J8: 276 | K8: 19059 | L8: 26532 | M8: 45591 | N8: 38308 | O8: 23615 | P8: 61923 | Q8: 703 | R8: 521 | S8: 1224 | T8: 1036 | U8: 1123 | V8: 2159 | W8: 82 | X8: 95 | Y8: 177 | Z8: 1150 | AA8: 1276 | AB8: 2426 | AC8: 63983 | AD8: 55583 | AE8: 119566 | AF8: =AE8-'6bTotalDistanceEnr'!AC8 -> 69661
A9: 5 | B9: Bihar | C9: 37 | D9: 37 | E9: 2605 | F9: 1164 | G9: 3769 | H9: 50 | I9: 23 | J9: 73 | K9: 70925 | L9: 56017 | M9: 126942 | N9: 124685 | O9: 69558 | P9: 194243 | Q9: 2112 | R9: 726 | S9: 2838 | T9: 2514 | U9: 1572 | V9: 4086 | W9: 357 | X9: 202 | Y9: 559 | Z9: 1410 | AA9: 829 | AB9: 2239 | AC9: 204658 | AD9: 130091 | AE9: 334749 | AF9: =AE9-'6bTotalDistanceEnr'!AC9 -> 115263
A10: 6 | B10: Chandigarh | C10: 3 | D10: 3 | E10: 314 | F10: 341 | G10: 655 | H10: 154 | I10: 28 | J10: 182 | K10: 7346 | L10: 9523 | M10: 16869 | N10: 21346 | O10: 10640 | P10: 31986 | Q10: 1015 | R10: 851 | S10: 1866 | T10: 1325 | U10: 2478 | V10: 3803 | W10: 192 | X10: 154 | Y10: 346 | Z10: 859 | AA10: 1023 | AB10: 1882 | AC10: 32551 | AD10: 25038 | AE10: 57589 | AF10: =AE10-'6bTotalDistanceEnr'!AC10 -> 21371
A11: 7 | B11: Chhattisgarh | C11: 32 | D11: 32 | E11: 733 | F11: 579 | G11: 1312 | H11: 36 | I11: 22 | J11: 58 | K11: 14302 | L11: 12793 | M11: 27095 | N11: 31942 | O11: 19333 | P11: 51275 | Q11: 10549 | R11: 10424 | S11: 20973 | T11: 17037 | U11: 12388 | V11: 29425 | W11: 105 | X11: 66 | Y11: 171 | Z11: 941 | AA11: 881 | AB11: 1822 | AC11: 75645 | AD11: 56486 | AE11: 132131 | AF11: =AE11-'6bTotalDistanceEnr'!AC11 -> 50351
A12: 8 | B12: Delhi | C12: 28 | D12: 27 | E12: 8048 | F12: 7297 | G12: 15345 | H12: 771 | I12: 749 | J12: 1520 | K12: 63583 | L12: 89123 | M12: 152706 | N12: 326550 | O12: 274862 | P12: 601412 | Q12: 6776 | R12: 5213 | S12: 11989 | T12: 4622 | U12: 3642 | V12: 8264 | W12: 556 | X12: 290 | Y12: 846 | Z12: 2196 | AA12: 1238 | AB12: 3434 | AC12: 413102 | AD12: 382414 | AE12: 795516 | AF12: =AE12-'6bTotalDistanceEnr'!AC12 -> 144756
A13: 9 | B13: Goa | C13: 3 | D13: 3 | E13: 216 | F13: 245 | G13: 461 | H13: 0 | I13: 0 | J13: 0 | K13: 1728 | L13: 2405 | M13: 4133 | N13: 3891 | O13: 1819 | P13: 5710 | Q13: 90 | R13: 91 | S13: 181 | T13: 21 | U13: 59 | V13: 80 | W13: 9 | X13: 14 | Y13: 23 | Z13: 76 | AA13: 44 | AB13: 120 | AC13: 6031 | AD13: 4677 | AE13: 10708 | AF13: =AE13-'6bTotalDistanceEnr'!AC13 -> 3767
A14: 10 | B14: Gujarat | C14: 83 | D14: 83 | E14: 4518 | F14: 2997 | G14: 7515 | H14: 130 | I14: 169 | J14: 299 | K14: 44089 | L14: 42453 | M14: 86542 | N14: 163393 | O14: 98858 | P14: 262251 | Q14: 2334 | R14: 1880 | S14: 4214 | T14: 17509 | U14: 6183 | V14: 23692 | W14: 14661 | X14: 2205 | Y14: 16866 | Z14: 7075 | AA14: 5845 | AB14: 12920 | AC14: 253709 | AD14: 160590 | AE14: 414299 | AF14: =AE14-'6bTotalDistanceEnr'!AC14 -> 327046
A15: 11 | B15: Haryana | C15: 56 | D15: 56 | E15: 1906 | F15: 2161 | G15: 4067 | H15: 100 | I15: 125 | J15: 225 | K15: 34175 | L15: 44318 | M15: 78493 | N15: 147576 | O15: 76547 | P15: 224123 | Q15: 1032 | R15: 704 | S15: 1736 | T15: 4048 | U15: 2849 | V15: 6897 | W15: 178 | X15: 128 | Y15: 306 | Z15: 6696 | AA15: 5609 | AB15: 12305 | AC15: 195711 | AD15: 132441 | AE15: 328152 | AF15: =AE15-'6bTotalDistanceEnr'!AC15 -> 156325
A16: 12 | B16: Himachal Pradesh | C16: 29 | D16: 28 | E16: 1100 | F16: 1006 | G16: 2106 | H16: 136 | I16: 134 | J16: 270 | K16: 10786 | L16: 10000 | M16: 20786 | N16: 39130 | O16: 27654 | P16: 66784 | Q16: 541 | R16: 381 | S16: 922 | T16: 1125 | U16: 1370 | V16: 2495 | W16: 50 | X16: 32 | Y16: 82 | Z16: 1446 | AA16: 912 | AB16: 2358 | AC16: 54314 | AD16: 41489 | AE16: 95803 | AF16: =AE16-'6bTotalDistanceEnr'!AC16 -> 45142
... A40: 36 | B40: West Bengal | C40: 52 | D40: 52 | E40: 8485 | F40: 5088 | G40: 13573 | H40: 930 | I40: 949 | J40: 1879 | K40: 62185 | L40: 84321 | M40: 146506 | N40: 116232 | O40: 74812 | P40: 191044 | Q40: 1557 | R40: 1180 | S40: 2737 | T40: 1680 | U40: 1337 | V40: 3017 | W40: 2014 | X40: 1352 | Y40: 3366 | Z40: 6978 | AA40: 2334 | AB40: 9312 | AC40: 200061 | AD40: 171373 | AE40: 371434 | AF40: =AE40-'6bTotalDistanceEnr'!AC40 -> 176035
A41: All India | C41: 1113 | D41: 1099 | E41: 101450 | F41: 78880 | G41: 180330 | H41: 4654 | I41: 7423 | J41: 12077 | K41: 1087884 | L41: 1236301 | M41: 2324185 | N41: 3448134 | O41: 2320019 | P41: 5768153 | Q41: 95077 | R41: 73561 | S41: 168638 | T41: 188412 | U41: 124219 | V41: 312631 | W41: 50842 | X41: 33396 | Y41: 84238 | Z41: 102031 | AA41: 75909 | AB41: 177940 | AC41: 5078484 | AD41: 3949708 | AE41: 9028192 | AF41: =AE41-'6bTotalDistanceEnr'!AC41 -> 4456318
C42: Note - Constituent Colleges of State/Central University not included. | N42: Note - Constituent Colleges of State/Central University not included. | W42: Note - Constituent Colleges of State/Central University not included.
E45: Level | F45: Male | G45: Female | H45: Enrolment | W45: 54826 | X45: 34165 | Y45: 88992 | AE45: 633730
E46: Ph.D. | F46: 101545 | G46: 79151 | H46: 180696 | AE46: 1.5779591e-06
E47: M.Phil. | F47: 5011 | G47: 7913 | H47: 12924
E48: Post Graduate | F48: 1144797 | G48: 1287696 | H48: 2432493
E49: Under Graduate | F49: 3574251 | G49: 2402981 | H49: 5977232
E50: PG Diploma | F50: 97143 | G50: 74473 | H50: 171616
E51: Diploma | F51: 195734 | G51: 126954 | H51: 322688
E52: Certificate | F52: 54827 | G52: 34166 | H52: 88993
E53: Integrated | F53: 102613 | G53: 76208 | H53: 178821
E54: All | F54: 5275921 | G54: 4089542 | H54: 9365463

Sheet 8CollegeAct
B1: Table 8. | C1: Number of Colleges and Enrolment in responding Colleges at various levels (Based on Actual Response) | N1: Number of Colleges and Enrolment in responding Colleges at various levels (Based on Actual Response) | W1: Number of Colleges and Enrolment in responding Colleges at various levels (Based on Actual Response)
A2: Sl No | B2: State | C2: Number of Colleges | E2: Ph.D. | H2: M.Phil. | K2: Post Graduate | N2: Under Graduate | Q2: PG Diploma | T2: Diploma | W2: Certificate | Z2: Integrated | AC2: Grand Total | AF2: Per College Enrolment
C3: Total | D3: Response | E3: Male | F3: Female | G3: Total | H3: Male | I3: Female | J3: Total | K3: Male | L3: Female | M3: Total | N3: Male | O3: Female | P3: Total | Q3: Male | R3: Female | S3: Total | T3: Male | U3: Female | V3: Total | W3: Male | X3: Female | Y3: Total | Z3: Male | AA3: Female | AB3: Total | AC3: Male | AD3: Female | AE3: Total
A4: 1 | B4: 2 | C4: 3 | D4: 4 | E4: 5 | F4: 6 | G4: 7 | H4: 8 | I4: 9 | J4: 10 | K4: 11 | L4: 12 | M4: 13 | N4: 14 | O4: 15 | P4: 16 | Q4: 17 | R4: 18 | S4: 19 | T4: 20 | U4: 21 | V4: 22 | W4: 23 | X4: 24 | Y4: 25 | Z4: 26 | AA4: 27 | AB4: 28 | AC4: 29 | AD4: 30 | AE4: 31 | AF4: 32
A5: 1 | B5: Andaman and Nicobar Islands | C5: 9 | D5: 9 | E5: 5 | F5: 9 | G5: 14 | H5: 0 | I5: 0 | J5: 0 | K5: 69 | L5: 283 | M5: 352 | N5: 2473 | O5: 3423 | P5: 5896 | Q5: 14 | R5: 0 | S5: 14 | T5: 569 | U5: 322 | V5: 891 | W5: 39 | X5: 33 | Y5: 72 | Z5: 145 | AA5: 224 | AB5: 369 | AC5: 3314 | AD5: 4294 | AE5: 7608 | AF5: 845.33333 | AG5: TRUE | AH5: TRUE | AI5: TRUE
A6: 2 | B6: Andhra Pradesh | C6: 2601 | D6: 2554 | E6: 499 | F6: 350 | G6: 849 | H6: 0 | I6: 0 | J6: 0 | K6: 61340 | L6: 61296 | M6: 122636 | N6: 639796 | O6: 596913 | P6: 1236709 | Q6: 95 | R6: 76 | S6: 171 | T6: 28069 | U6: 8922 | V6: 36991 | W6: 264 | X6: 291 | Y6: 555 | Z6: 5676 | AA6: 2396 | AB6: 8072 | AC6: 735739 | AD6: 670244 | AE6: 1405983 | AF6: 540.55479 | AG6: TRUE | AH6: TRUE | AI6: TRUE
A7: 3 | B7: Arunachal Pradesh | C7: 42 | D7: 41 | E7: 4 | F7: 2 | G7: 6 | H7: 0 | I7: 0 | J7: 0 | K7: 114 | L7: 190 | M7: 304 | N7: 11055 | O7: 10977 | P7: 22032 | Q7: 0 | R7: 2 | S7: 2 | T7: 0 | U7: 259 | V7: 259 | W7: 0 | X7: 0 | Y7: 0 | Z7: 218 | AA7: 158 | AB7: 376 | AC7: 11391 | AD7: 11588 | AE7: 22979 | AF7: 547.11905 | AG7: TRUE | AH7: TRUE | AI7: TRUE
A8: 4 | B8: Assam | C8: 595 | D8: 560 | E8: 125 | F8: 89 | G8: 214 | H8: 4 | I8: 26 | J8: 30 | K8: 3695 | L8: 5808 | M8: 9503 | N8: 219765 | O8: 237050 | P8: 456815 | Q8: 257 | R8: 420 | S8: 677 | T8: 1476 | U8: 1321 | V8: 2797 | W8: 116 | X8: 443 | Y8: 559 | Z8: 1231 | AA8: 1454 | AB8: 2685 | AC8: 226669 | AD8: 246611 | AE8: 473280 | AF8: 795.42857 | AG8: TRUE | AH8: TRUE | AI8: TRUE
A9: 5 | B9: Bihar | C9: 1035 | D9: 1032 | E9: 18 | F9: 17 | G9: 35 | H9: 0 | I9: 0 | J9: 0 | K9: 28178 | L9: 28399 | M9: 56577 | N9: 1011640 | O9: 838163 | P9: 1849803 | Q9: 215 | R9: 144 | S9: 359 | T9: 14782 | U9: 18352 | V9: 33134 | W9: 2715 | X9: 2143 | Y9: 4858 | Z9: 1182 | AA9: 504 | AB9: 1686 | AC9: 1058730 | AD9: 887722 | AE9: 1946452 | AF9: 1880.63 | AG9: TRUE | AH9: TRUE | AI9: TRUE
A10: 6 | B10: Chandigarh | C10: 26 | D10: 26 | E10: 9 | F10: 86 | G10: 95 | H10: 4 | I10: 1 | J10: 5 | K10: 1323 | L10: 4192 | M10: 5515 | N10: 18231 | O10: 24467 | P10: 42698 | Q10: 105 | R10: 314 | S10: 419 | T10: 63 | U10: 127 | V10: 190 | W10: 53 | X10: 83 | Y10: 136 | Z10: 24 | AA10: 64 | AB10: 88 | AC10: 19812 | AD10: 29334 | AE10: 49146 | AF10: 1890.2308 | AG10: TRUE | AH10: TRUE | AI10: TRUE
A11: 7 | B11: Chhattisgarh | C11: 870 | D11: 849 | E11: 177 | F11: 165 | G11: 342 | H11: 0 | I11: 0 | J11: 0 | K11: 18182 | L11: 31707 | M11: 49889 | N11: 168588 | O11: 220045 | P11: 388633 | Q11: 3618 | R11: 3961 | S11: 7579 | T11: 16613 | U11: 10058 | V11: 26671 | W11: 186 | X11: 334 | Y11: 520 | Z11: 523 | AA11: 538 | AB11: 1061 | AC11: 207887 | AD11: 266808 | AE11: 474695 | AF11: 545.62644 | AG11: TRUE | AH11: TRUE | AI11: TRUE
A12: 8 | B12: Delhi | C12: 180 | D12: 173 | E12: 42 | F12: 31 | G12: 73 | H12: 0 | I12: 0 | J12: 0 | K12: 5752 | L12: 7761 | M12: 13513 | N12: 126127 | O12: 133335 | P12: 259462 | Q12: 431 | R12: 463 | S12: 894 | T12: 1370 | U12: 3062 | V12: 4432 | W12: 491 | X12: 589 | Y12: 1080 | Z12: 1539 | AA12: 990 | AB12: 2529 | AC12: 135752 | AD12: 146231 | AE12: 281983 | AF12: 1566.5722 | AG12: TRUE | AH12: TRUE | AI12: TRUE
A13: 9 | B13: Goa | C13: 61 | D13: 61 | E13: 59 | F13: 90 | G13: 149 | H13: 6 | I13: 2 | J13: 8 | K13: 782 | L13: 1697 | M13: 2479 | N13: 16073 | O13: 21404 | P13: 37477 | Q13: 18 | R13: 48 | S13: 66 | T13: 80 | U13: 233 | V13: 313 | W13: 8 | X13: 0 | Y13: 8 | Z13: 346 | AA13: 879 | AB13: 1225 | AC13: 17372 | AD13: 24353 | AE13: 41725 | AF13: 684.01639 | AG13: TRUE | AH13: TRUE | AI13: TRUE
A14: 10 | B14: Gujarat | C14: 2267 | D14: 2248 | E14: 263 | F14: 155 | G14: 418 | H14: 0 | I14: 0 | J14: 0 | K14: 41572 | L14: 55613 | M14: 97185 | N14: 541623 | O14: 439583 | P14: 981206 | Q14: 830 | R14: 824 | S14: 1654 | T14: 78773 | U14: 25966 | V14: 104739 | W14: 1902 | X14: 1298 | Y14: 3200 | Z14: 2321 | AA14: 1730 | AB14: 4051 | AC14: 667284 | AD14: 525169 | AE14: 1192453 | AF14: 526.00485 | AG14: TRUE | AH14: TRUE | AI14: TRUE
A15: 11 | B15: Haryana | C15: 1083 | D15: 1081 | E15: 131 | F15: 328 | G15: 459 | H15: 4 | I15: 17 | J15: 21 | K15: 15665 | L15: 35794 | M15: 51459 | N15: 241025 | O15: 308732 | P15: 549757 | Q15: 227 | R15: 552 | S15: 779 | T15: 12358 | U15: 11780 | V15: 24138 | W15: 291 | X15: 845 | Y15: 1136 | Z15: 3100 | AA15: 1932 | AB15: 5032 | AC15: 272801 | AD15: 359980 | AE15: 632781 | AF15: 584.28532 | AG15: TRUE | AH15: TRUE | AI15: TRUE
A16: 12 | B16: Himachal Pradesh | C16: 348 | D16: 348 | E16: 0 | F16: 6 | G16: 6 | H16: 0 | I16: 0 | J16: 0 | K16: 2673 | L16: 6071 | M16: 8744 | N16: 66317 | O16: 98394 | P16: 164711 | Q16: 188 | R16: 369 | S16: 557 | T16: 1129 | U16: 2264 | V16: 3393 | W16: 7 | X16: 23 | Y16: 30 | Z16: 58 | AA16: 53 | AB16: 111 | AC16: 70372 | AD16: 107180 | AE16: 177552 | AF16: 510.2069 | AG16: TRUE | AH16: TRUE | AI16: TRUE
... A21: 17 | B21: Ladakh | C21: 3 | D21: 3 | E21: 0 | F21: 0 | G21: 0 | H21: 0 | I21: 0 | J21: 0 | K21: 0 | L21: 0 | M21: 0 | N21: 663 | O21: 1669 | P21: 2332 | Q21: 0 | R21: 0 | S21: 0 | T21: 0 | U21: 0 | V21: 0 | W21: 0 | X21: 0 | Y21: 0 | Z21: 0 | AA21: 0 | AB21: 0 | AC21: 663 | AD21: 1669 | AE21: 2332 | AF21: 777.33333 | AG21: TRUE | AH21: TRUE | AI21: TRUE
A22: 18 | B22: Lakshadweep | C22: 0 | D22: 0 | E22: 0 | F22: 0 | G22: 0 | H22: 0 | I22: 0 | J22: 0 | K22: 0 | L22: 0 | M22: 0 | N22: 0 | O22: 0 | P22: 0 | Q22: 0 | R22: 0 | S22: 0 | T22: 0 | U22: 0 | V22: 0 | W22: 0 | X22: 0 | Y22: 0 | Z22: 0 | AA22: 0 | AB22: 0 | AC22: 0 | AD22: 0 | AE22: 0
A23: 19 | B23: Madhya Pradesh | C23: 2610 | D23: 2319 | E23: 544 | F23: 629 | G23: 1173 | H23: 54 | I23: 35 | J23: 89 | K23: 94108 | L23: 136330 | M23: 230438 | N23: 719862 | O23: 708105 | P23: 1427967 | Q23: 3283 | R23: 3220 | S23: 6503 | T23: 35586 | U23: 18084 | V23: 53670 | W23: 1449 | X23: 840 | Y23: 2289 | Z23: 7784 | AA23: 7772 | AB23: 15556 | AC23: 862670 | AD23: 875015 | AE23: 1737685 | AF23: 665.77969 | AG23: TRUE | AH23: TRUE | AI23: TRUE
A24: 20 | B24: Maharashtra | C24: 4532 | D24: 4531 | E24: 2835 | F24: 2096 | G24: 4931 | H24: 52 | I24: 40 | J24: 92 | K24: 126772 | L24: 154662 | M24: 281434 | N24: 1460956 | O24: 1246303 | P24: 2707259 | Q24: 1856 | R24: 1645 | S24: 3501 | T24: 20261 | U24: 12668 | V24: 32929 | W24: 2111 | X24: 1691 | Y24: 3802 | Z24: 4603 | AA24: 4784 | AB24: 9387 | AC24: 1619446 | AD24: 1423889 | AE24: 3043335 | AF24: 671.5214 | AG24: TRUE | AH24: TRUE | AI24: TRUE
A25: 21 | B25: Manipur | C25: 105 | D25: 103 | E25: 12 | F25: 3 | G25: 15 | H25: 0 | I25: 12 | J25: 12 | K25: 804 | L25: 1462 | M25: 2266 | N25: 55357 | O25: 55488 | P25: 110845 | Q25: 49 | R25: 13 | S25: 62 | T25: 717 | U25: 490 | V25: 1207 | W25: 0 | X25: 0 | Y25: 0 | Z25: 0 | AA25: 0 | AB25: 0 | AC25: 56939 | AD25: 57468 | AE25: 114407 | AF25: 1089.5905 | AG25: TRUE | AH25: TRUE | AI25: TRUE
A26: 22 | B26: Meghalaya | C26: 75 | D26: 62 | E26: 0 | F26: 0 | G26: 0 | H26: 0 | I26: 0 | J26: 0 | K26: 126 | L26: 334 | M26: 460 | N26: 27098 | O26: 33540 | P26: 60638 | Q26: 11 | R26: 7 | S26: 18 | T26: 0 | U26: 0 | V26: 0 | W26: 69 | X26: 92 | Y26: 161 | Z26: 0 | AA26: 0 | AB26: 0 | AC26: 27304 | AD26: 33973 | AE26: 61277 | AF26: 817.02667 | AG26: TRUE | AH26: TRUE | AI26: TRUE
A27: 23 | B27: Mizoram | C27: 39 | D27: 39 | E27: 9 | F27: 18 | G27: 27 | H27: 2 | I27: 6 | J27: 8 | K27: 185 | L27: 119 | M27: 304 | N27: 12727 | O27: 12225 | P27: 24952 | Q27: 0 | R27: 0 | S27: 0 | T27: 71 | U27: 6 | V27: 77 | W27: 0 | X27: 0 | Y27: 0 | Z27: 0 | AA27: 0 | AB27: 0 | AC27: 12994 | AD27: 12374 | AE27: 25368 | AF27: 650.46154 | AG27: TRUE | AH27: TRUE | AI27: TRUE
A28: 24 | B28: Nagaland | C28: 68 | D28: 67 | E28: 5 | F28: 1 | G28: 6 | H28: 0 | I28: 0 | J28: 0 | K28: 438 | L28: 666 | M28: 1104 | N28: 14581 | O28: 17282 | P28: 31863 | Q28: 0 | R28: 0 | S28: 0 | T28: 43 | U28: 83 | V28: 126 | W28: 98 | X28: 99 | Y28: 197 | Z28: 0 | AA28: 0 | AB28: 0 | AC28: 15165 | AD28: 18131 | AE28: 33296 | AF28: 489.64706 | AG28: TRUE | AH28: TRUE | AI28: TRUE
A29: 25 | B29: Odisha | C29: 1206 | D29: 1195 | E29: 22 | F29: 8 | G29: 30 | H29: 34 | I29: 33 | J29: 67 | K29: 23853 | L29: 20970 | M29: 44823 | N29: 312043 | O29: 318852 | P29: 630895 | Q29: 231 | R29: 222 | S29: 453 | T29: 7541 | U29: 2443 | V29: 9984 | W29: 298 | X29: 337 | Y29: 635 | Z29: 2063 | AA29: 2466 | AB29: 4529 | AC29: 346085 | AD29: 345331 | AE29: 691416 | AF29: 573.31343 | AG29: TRUE | AH29: TRUE | AI29: TRUE
A30: 26 | B30: Puducherry | C30: 81 | D30: 70 | E30: 80 | F30: 183 | G30: 263 | H30: 0 | I30: 2 | J30: 2 | K30: 1570 | L30: 2937 | M30: 4507 | N30: 19743 | O30: 24693 | P30: 44436 | Q30: 0 | R30: 0 | S30: 0 | T30: 81 | U30: 136 | V30: 217 | W30: 0 | X30: 0 | Y30: 0 | Z30: 5 | AA30: 33 | AB30: 38 | AC30: 21479 | AD30: 27984 | AE30: 49463 | AF30: 610.65432 | AG30: TRUE | AH30: TRUE | AI30: TRUE
A31: 27 | B31: Punjab | C31: 1039 | D31: 1030 | E31: 2 | F31: 1 | G31: 3 | H31: 4 | I31: 14 | J31: 18 | K31: 14703 | L31: 31564 | M31: 46267 | N31: 193420 | O31: 229443 | P31: 422863 | Q31: 1270 | R31: 1774 | S31: 3044 | T31: 8429 | U31: 14152 | V31: 22581 | W31: 325 | X31: 437 | Y31: 762 | Z31: 3323 | AA31: 4461 | AB31: 7784 | AC31: 221476 | AD31: 281846 | AE31: 503322 | AF31: 484.42926 | AG31: TRUE | AH31: TRUE | AI31: TRUE
A32: 28 | B32: Rajasthan | C32: 3694 | D32: 3339 | E32: 601 | F32: 296 | G32: 897 | H32: 3 | I32: 1 | J32: 4 | K32: 41746 | L32: 82120 | M32: 123866 | N32: 750502 | O32: 744907 | P32: 1495409 | Q32: 1369 | R32: 1695 | S32: 3064 | T32: 16298 | U32: 7863 | V32: 24161 | W32: 2562 | X32: 2696 | Y32: 5258 | Z32: 36571 | AA32: 35024 | AB32: 71595 | AC32: 849652 | AD32: 874602 | AE32: 1724254 | AF32: 466.77152 | AG32: TRUE | AH32: TRUE | AI32: TRUE
A33: 29 | B33: Sikkim | C33: 23 | D33: 19 | E33: 4 | F33: 8 | G33: 12 | H33: 0 | I33: 0 | J33: 0 | K33: 155 | L33: 203 | M33: 358 | N33: 5855 | O33: 6611 | P33: 12466 | Q33: 0 | R33: 0 | S33: 0 | T33: 85 | U33: 34 | V33: 119 | W33: 60 | X33: 10 | Y33: 70 | Z33: 101 | AA33: 165 | AB33: 266 | AC33: 6260 | AD33: 7031 | AE33: 13291 | AF33: 577.86957 | AG33: TRUE | AH33: TRUE | AI33: TRUE
A34: 30 | B34: Tamil Nadu | C34: 2667 | D34: 2657 | E34: 3089 | F34: 5204 | G34: 8293 | H34: 1334 | I34: 2494 | J34: 3828 | K34: 77617 | L34: 143283 | M34: 220900 | N34: 901346 | O34: 1071997 | P34: 1973343 | Q34: 627 | R34: 821 | S34: 1448 | T34: 4570 | U34: 11036 | V34: 15606 | W34: 1937 | X34: 4734 | Y34: 6671 | Z34: 2458 | AA34: 2815 | AB34: 5273 | AC34: 992978 | AD34: 1242384 | AE34: 2235362 | AF34: 838.15598 | AG34: TRUE | AH34: TRUE | AI34: TRUE
... A40: 36 | B40: West Bengal | C40: 1446 | D40: 1442 | E40: 266 | F40: 80 | G40: 346 | H40: 73 | I40: 14 | J40: 87 | K40: 16831 | L40: 23409 | M40: 40240 | N40: 734220 | O40: 842299 | P40: 1576519 | Q40: 604 | R40: 471 | S40: 1075 | T40: 25174 | U40: 27205 | V40: 52379 | W40: 1269 | X40: 1603 | Y40: 2872 | Z40: 2744 | AA40: 2966 | AB40: 5710 | AC40: 781181 | AD40: 898047 | AE40: 1679228 | AF40: 1161.2918 | AG40: TRUE | AH40: TRUE | AI40: TRUE
A41: All India | C41: 43796 | D41: 41600 | E41: 12608 | F41: 14422 | G41: 27030 | H41: 1659 | I41: 2934 | J41: 4593 | K41: 897638 | L41: 1338881 | M41: 2236519 | N41: 12480716 | O41: 12715175 | P41: 25195891 | Q41: 18697 | R41: 20257 | S41: 38954 | T41: 342549 | U41: 217098 | V41: 559647 | W41: 21489 | X41: 24966 | Y41: 46455 | Z41: 107792 | AA41: 94678 | AB41: 202470 | AC41: 13883148 | AD41: 14428411 | AE41: 28311559 | AF41: 646.44166 | AG41: TRUE | AH41: TRUE | AI41: TRUE
E42: TRUE | F42: TRUE | H42: TRUE | I42: TRUE | K42: TRUE | L42: TRUE | N42: TRUE | O42: TRUE | Q42: TRUE | R42: TRUE | T42: TRUE | U42: TRUE | W42: TRUE | X42: TRUE | Z42: TRUE | AA42: TRUE | AC42: TRUE | AD42: TRUE | AE42: TRUE

Sheet 9AllSAAct
B1: Table 9. | C1: Number and Enrolment in different types of Standalone Institutions (Based on Actual Response) | O1: =C1 -> Number and Enrolment in different types of Standalone Institutions (Based on Actual Response) | AA1: =O1 -> Number and Enrolment in different types of Standalone Institutions (Based on Actual Response) | AM1: =AA1 -> Number and Enrolment in different types of Standalone Institutions (Based on Actual Response)
A2: Sl No | B2: State | C2: Polytechnics | I2: PGDM | O2: Nursing | U2: Teacher Training | AA2: Institute under Ministries | AG2: Paramedical | AM2: Hotel Management and Catering | AS2: All Stand Alone Institutions
C3: Number of Institutions | E3: Enrolment | H3: Per Institution Enrolment | I3: Number of Institutions | K3: Enrolment | N3: Per Institution Enrolment | O3: Number of Institutions | Q3: Enrolment | T3: Per Institution Enrolment | U3: Number of Institutions | W3: Enrolment | Z3: Per Institution Enrolment | AA3: Number of Institutions | AC3: Enrolment | AF3: Per Institution Enrolment | AG3: Number of Institutions | AI3: Enrolment | AL3: Per Institution Enrolment | AM3: Number of Institutions | AO3: Enrolment | AR3: Per Institution Enrolment | AS3: Number of Institutions | AU3: Enrolment | AX3: Per Institution Enrolment
C4: Total | D4: Response | E4: Male | F4: Female | G4: Total | I4: Total | J4: Response | K4: Male | L4: Female | M4: Total | O4: Total | P4: Response | Q4: Male | R4: Female | S4: Total | U4: Total | V4: Response | W4: Male | X4: Female | Y4: Total | AA4: Total | AB4: Response | AC4: Male | AD4: Female | AE4: Total | AG4: Total | AH4: Response | AI4: Male | AJ4: Female | AK4: Total | AM4: Total | AN4: Response | AO4: Male | AP4: Female | AQ4: Total | AS4: Total | AT4: Response | AU4: Male | AV4: Female | AW4: Total
A5: 1 | B5: 2 | C5: 3 | D5: 4 | E5: 5 | F5: 6 | G5: 7 | H5: 8 | I5: 9 | J5: 10 | K5: 11 | L5: 12 | M5: 13 | N5: 14 | O5: 15 | P5: 16 | Q5: 17 | R5: 18 | S5: 19 | T5: 20 | U5: 21 | V5: 22 | W5: 23 | X5: 24 | Y5: 25 | Z5: 26 | AA5: 27 | AB5: 28 | AC5: 29 | AD5: 30 | AE5: 31 | AF5: 32 | AG5: 33 | AH5: 34 | AI5: 35 | AJ5: 36 | AK5: 37 | AL5: 38 | AM5: 39 | AN5: 40 | AO5: 41 | AP5: 42 | AQ5: 43 | AR5: 44 | AS5: 45 | AT5: 46 | AU5: 47 | AV5: 48 | AW5: 49 | AX5: 50
A6: 1 | B6: Andaman and Nicobar Islands | C6: 0 | D6: 0 | E6: 0 | F6: 0 | G6: 0 | I6: 0 | J6: 0 | K6: 0 | L6: 0 | M6: 0 | O6: 0 | P6: 0 | Q6: 0 | R6: 0 | S6: 0 | U6: 1 | V6: 1 | W6: 32 | X6: 92 | Y6: 124 | Z6: 124 | AA6: 0 | AB6: 0 | AC6: 0 | AD6: 0 | AE6: 0 | AG6: 0 | AH6: 0 | AI6: 0 | AJ6: 0 | AK6: 0 | AM6: 0 | AN6: 0 | AO6: 0 | AP6: 0 | AQ6: 0 | AS6: =C6+I6+O6+U6+AA6+AG6+AM6 -> 1 | AT6: =D6+J6+P6+V6+AB6+AH6+AN6 -> 1 | AU6: =E6+K6+Q6+W6+AC6+AI6+AO6 -> 32 | AV6: =F6+L6+R6+X6+AD6+AJ6+AP6 -> 92 | AW6: =AU6+AV6 -> 124 | AX6: =AW6/AS6 -> 124
A7: 2 | B7: Andhra Pradesh | C7: 153 | D7: 146 | E7: 55434 | F7: 17170 | G7: 72604 | H7: 475 | I7: 5 | J7: 4 | K7: 124 | L7: 69 | M7: 193 | N7: 39 | O7: 241 | P7: 239 | Q7: 2294 | R7: 22711 | S7: 25005 | T7: 104 | U7: 296 | V7: 262 | W7: 7443 | X7: 12574 | Y7: 20017 | Z7: 68 | AA7: 3 | AB7: 3 | AC7: 416 | AD7: 93 | AE7: 509 | AF7: 170 | AG7: 0 | AH7: 0 | AI7: 0 | AJ7: 0 | AK7: 0 | AM7: 0 | AN7: 0 | AO7: 0 | AP7: 0 | AQ7: 0 | AS7: =C7+I7+O7+U7+AA7+AG7+AM7 -> 698 | AT7: =D7+J7+P7+V7+AB7+AH7+AN7 -> 654 | AU7: =E7+K7+Q7+W7+AC7+AI7+AO7 -> 65711 | AV7: =F7+L7+R7+X7+AD7+AJ7+AP7 -> 52617 | AW7: =AU7+AV7 -> 118328 | AX7: =AW7/AS7 -> 169.52436
A8: 3 | B8: Arunachal Pradesh | C8: 8 | D8: 8 | E8: 543 | F8: 110 | G8: 653 | H8: 82 | I8: 0 | J8: 0 | K8: 0 | L8: 0 | M8: 0 | O8: 0 | P8: 0 | Q8: 0 | R8: 0 | S8: 0 | U8: 6 | V8: 6 | W8: 135 | X8: 226 | Y8: 361 | Z8: 60 | AA8: 0 | AB8: 0 | AC8: 0 | AD8: 0 | AE8: 0 | AG8: 0 | AH8: 0 | AI8: 0 | AJ8: 0 | AK8: 0 | AM8: 0 | AN8: 0 | AO8: 0 | AP8: 0 | AQ8: 0 | AS8: =C8+I8+O8+U8+AA8+AG8+AM8 -> 14 | AT8: =D8+J8+P8+V8+AB8+AH8+AN8 -> 14 | AU8: =E8+K8+Q8+W8+AC8+AI8+AO8 -> 678 | AV8: =F8+L8+R8+X8+AD8+AJ8+AP8 -> 336 | AW8: =AU8+AV8 -> 1014 | AX8: =AW8/AS8 -> 72.428571
A9: 4 | B9: Assam | C9: 28 | D9: 28 | E9: 7140 | F9: 1952 | G9: 9092 | H9: 325 | I9: 1 | J9: 1 | K9: 79 | L9: 49 | M9: 128 | N9: 128 | O9: 23 | P9: 17 | Q9: 105 | R9: 2012 | S9: 2117 | T9: 92 | U9: 37 | V9: 36 | W9: 2518 | X9: 3452 | Y9: 5970 | Z9: 161 | AA9: 2 | AB9: 1 | AC9: 51 | AD9: 95 | AE9: 146 | AF9: 73 | AG9: 1 | AH9: 0 | AI9: 0 | AJ9: 0 | AK9: 0 | AL9: 0 | AM9: 1 | AN9: 0 | AO9: 0 | AP9: 0 | AQ9: 0 | AR9: 0 | AS9: =C9+I9+O9+U9+AA9+AG9+AM9 -> 93 | AT9: =D9+J9+P9+V9+AB9+AH9+AN9 -> 83 | AU9: =E9+K9+Q9+W9+AC9+AI9+AO9 -> 9893 | AV9: =F9+L9+R9+X9+AD9+AJ9+AP9 -> 7560 | AW9: =AU9+AV9 -> 17453 | AX9: =AW9/AS9 -> 187.66667
A10: 5 | B10: Bihar | C10: 64 | D10: 64 | E10: 29298 | F10: 5002 | G10: 34300 | H10: 536 | I10: 4 | J10: 4 | K10: 534 | L10: 263 | M10: 797 | N10: 199 | O10: 151 | P10: 132 | Q10: 2574 | R10: 14529 | S10: 17103 | T10: 113 | U10: 60 | V10: 60 | W10: 7644 | X10: 9159 | Y10: 16803 | Z10: 280 | AA10: 1 | AB10: 1 | AC10: 56 | AD10: 4 | AE10: 60 | AF10: 60 | AG10: 1 | AH10: 1 | AI10: 322 | AJ10: 278 | AK10: 600 | AL10: 600 | AM10: 2 | AN10: 2 | AO10: 555 | AP10: 85 | AQ10: 640 | AR10: 320 | AS10: =C10+I10+O10+U10+AA10+AG10+AM10 -> 283 | AT10: =D10+J10+P10+V10+AB10+AH10+AN10 -> 264 | AU10: =E10+K10+Q10+W10+AC10+AI10+AO10 -> 40983 | AV10: =F10+L10+R10+X10+AD10+AJ10+AP10 -> 29320 | AW10: =AU10+AV10 -> 70303 | AX10: =AW10/AS10 -> 248.42049
A11: 6 | B11: Chandigarh | C11: 3 | D11: 3 | E11: 1113 | F11: 674 | G11: 1787 | H11: 596 | I11: 1 | J11: 1 | K11: 18 | L11: 16 | M11: 34 | N11: 34 | O11: 0 | P11: 0 | Q11: 0 | R11: 0 | S11: 0 | U11: 3 | V11: 3 | W11: 8 | X11: 280 | Y11: 288 | Z11: 96 | AA11: 1 | AB11: 1 | AC11: 411 | AD11: 41 | AE11: 452 | AF11: 452 | AG11: 0 | AH11: 0 | AI11: 0 | AJ11: 0 | AK11: 0 | AM11: 2 | AN11: 2 | AO11: 896 | AP11: 273 | AQ11: 1169 | AR11: 585 | AS11: =C11+I11+O11+U11+AA11+AG11+AM11 -> 10 | AT11: =D11+J11+P11+V11+AB11+AH11+AN11 -> 10 | AU11: =E11+K11+Q11+W11+AC11+AI11+AO11 -> 2446 | AV11: =F11+L11+R11+X11+AD11+AJ11+AP11 -> 1284 | AW11: =AU11+AV11 -> 3730 | AX11: =AW11/AS11 -> 373
A12: 7 | B12: Chhattisgarh | C12: 3 | D12: 2 | E12: 67 | F12: 5 | G12: 72 | H12: 24 | I12: 3 | J12: 3 | K12: 250 | L12: 174 | M12: 424 | N12: 141 | O12: 40 | P12: 38 | Q12: 171 | R12: 1969 | S12: 2140 | T12: 54 | U12: 32 | V12: 26 | W12: 1686 | X12: 2151 | Y12: 3837 | Z12: 120 | AA12: 1 | AB12: 1 | AC12: 68 | AD12: 17 | AE12: 85 | AF12: 85 | AG12: 0 | AH12: 0 | AI12: 0 | AJ12: 0 | AK12: 0 | AM12: 0 | AN12: 0 | AO12: 0 | AP12: 0 | AQ12: 0 | AS12: =C12+I12+O12+U12+AA12+AG12+AM12 -> 79 | AT12: =D12+J12+P12+V12+AB12+AH12+AN12 -> 70 | AU12: =E12+K12+Q12+W12+AC12+AI12+AO12 -> 2242 | AV12: =F12+L12+R12+X12+AD12+AJ12+AP12 -> 4316 | AW12: =AU12+AV12 -> 6558 | AX12: =AW12/AS12 -> 83.012658
A13: 8 | B13: Delhi | C13: 16 | D13: 15 | E13: 10338 | F13: 1215 | G13: 11553 | H13: 722 | I13: 13 | J13: 11 | K13: 2602 | L13: 1940 | M13: 4542 | N13: 349 | O13: 23 | P13: 21 | Q13: 35 | R13: 1689 | S13: 1724 | T13: 75 | U13: 39 | V13: 37 | W13: 816 | X13: 5592 | Y13: 6408 | Z13: 164 | AA13: 2 | AB13: 0 | AC13: 0 | AD13: 0 | AE13: 0 | AF13: 0 | AG13: 1 | AH13: 1 | AI13: 357 | AJ13: 233 | AK13: 590 | AL13: 590 | AM13: 3 | AN13: 0 | AO13: 0 | AP13: 0 | AQ13: 0 | AR13: 0 | AS13: =C13+I13+O13+U13+AA13+AG13+AM13 -> 97 | AT13: =D13+J13+P13+V13+AB13+AH13+AN13 -> 85 | AU13: =E13+K13+Q13+W13+AC13+AI13+AO13 -> 14148 | AV13: =F13+L13+R13+X13+AD13+AJ13+AP13 -> 10669 | AW13: =AU13+AV13 -> 24817 | AX13: =AW13/AS13 -> 255.84536
A14: 9 | B14: Goa | C14: 8 | D14: 8 | E14: 4394 | F14: 339 | G14: 4733 | H14: 592 | I14: 1 | J14: 1 | K14: 593 | L14: 365 | M14: 958 | N14: 958 | O14: 1 | P14: 1 | Q14: 0 | R14: 80 | S14: 80 | T14: 80 | U14: 3 | V14: 3 | W14: 74 | X14: 780 | Y14: 854 | Z14: 285 | AA14: 1 | AB14: 1 | AC14: 11 | AD14: 2 | AE14: 13 | AF14: 13 | AG14: 2 | AH14: 2 | AI14: 24 | AJ14: 102 | AK14: 126 | AL14: 63 | AM14: 1 | AN14: 1 | AO14: 905 | AP14: 183 | AQ14: 1088 | AR14: 1088 | AS14: =C14+I14+O14+U14+AA14+AG14+AM14 -> 17 | AT14: =D14+J14+P14+V14+AB14+AH14+AN14 -> 17 | AU14: =E14+K14+Q14+W14+AC14+AI14+AO14 -> 6001 | AV14: =F14+L14+R14+X14+AD14+AJ14+AP14 -> 1851 | AW14: =AU14+AV14 -> 7852 | AX14: =AW14/AS14 -> 461.88235
A15: 10 | B15: Gujarat | C15: 10 | D15: 10 | E15: 1400 | F15: 78 | G15: 1478 | H15: 148 | I15: 8 | J15: 8 | K15: 1552 | L15: 962 | M15: 2514 | N15: 314 | O15: 162 | P15: 162 | Q15: 2544 | R15: 14547 | S15: 17091 | T15: 106 | U15: 113 | V15: 113 | W15: 2147 | X15: 4983 | Y15: 7130 | Z15: 63 | AA15: 6 | AB15: 6 | AC15: 342 | AD15: 562 | AE15: 904 | AF15: 151 | AG15: 1 | AH15: 1 | AI15: 12 | AJ15: 8 | AK15: 20 | AL15: 20 | AM15: 1 | AN15: 1 | AO15: 543 | AP15: 218 | AQ15: 761 | AR15: 761 | AS15: =C15+I15+O15+U15+AA15+AG15+AM15 -> 301 | AT15: =D15+J15+P15+V15+AB15+AH15+AN15 -> 301 | AU15: =E15+K15+Q15+W15+AC15+AI15+AO15 -> 8540 | AV15: =F15+L15+R15+X15+AD15+AJ15+AP15 -> 21358 | AW15: =AU15+AV15 -> 29898 | AX15: =AW15/AS15 -> 99.328904
A16: 11 | B16: Haryana | C16: 135 | D16: 135 | E16: 42122 | F16: 8379 | G16: 50501 | H16: 374 | I16: 5 | J16: 5 | K16: 326 | L16: 160 | M16: 486 | N16: 97 | O16: 31 | P16: 31 | Q16: 518 | R16: 3933 | S16: 4451 | T16: 144 | U16: 46 | V16: 39 | W16: 1337 | X16: 1739 | Y16: 3076 | Z16: 67 | AA16: 4 | AB16: 4 | AC16: 224 | AD16: 66 | AE16: 290 | AF16: 73 | AG16: 0 | AH16: 0 | AI16: 0 | AJ16: 0 | AK16: 0 | AM16: 7 | AN16: 7 | AO16: 1497 | AP16: 233 | AQ16: 1730 | AR16: 247 | AS16: =C16+I16+O16+U16+AA16+AG16+AM16 -> 228 | AT16: =D16+J16+P16+V16+AB16+AH16+AN16 -> 221 | AU16: =E16+K16+Q16+W16+AC16+AI16+AO16 -> 46024 | AV16: =F16+L16+R16+X16+AD16+AJ16+AP16 -> 14510 | AW16: =AU16+AV16 -> 60534 | AX16: =AW16/AS16 -> 265.5
A17: 12 | B17: Himachal Pradesh | C17: 36 | D17: 33 | E17: 4837 | F17: 1650 | G17: 6487 | H17: 180 | I17: 0 | J17: 0 | K17: 0 | L17: 0 | M17: 0 | O17: 25 | P17: 25 | Q17: 0 | R17: 2392 | S17: 2392 | T17: 96 | U17: 19 | V17: 18 | W17: 939 | X17: 1339 | Y17: 2278 | Z17: 120 | AA17: 1 | AB17: 1 | AC17: 63 | AD17: 2 | AE17: 65 | AF17: 65 | AG17: 0 | AH17: 0 | AI17: 0 | AJ17: 0 | AK17: 0 | AM17: 2 | AN17: 2 | AO17: 974 | AP17: 128 | AQ17: 1102 | AR17: 551 | AS17: =C17+I17+O17+U17+AA17+AG17+AM17 -> 83 | AT17: =D17+J17+P17+V17+AB17+AH17+AN17 -> 79 | AU17: =E17+K17+Q17+W17+AC17+AI17+AO17 -> 6813 | AV17: =F17+L17+R17+X17+AD17+AJ17+AP17 -> 5511 | AW17: =AU17+AV17 -> 12324 | AX17: =AW17/AS17 -> 148.48193
A18: 13 | B18: Jammu and Kashmir | C18: 57 | D18: 51 | E18: 6277 | F18: 3179 | G18: 9456 | H18: 166 | I18: 0 | J18: 0 | K18: 0 | L18: 0 | M18: 0 | O18: 30 | P18: 29 | Q18: 1476 | R18: 2755 | S18: 4231 | T18: 141 | U18: 19 | V18: 19 | W18: 900 | X18: 395 | Y18: 1295 | Z18: 68 | AA18: 1 | AB18: 1 | AC18: 8 | AD18: 23 | AE18: 31 | AF18: 31 | AG18: 45 | AH18: 32 | AI18: 3726 | AJ18: 4512 | AK18: 8238 | AL18: 183 | AM18: 2 | AN18: 2 | AO18: 248 | AP18: 29 | AQ18: 277 | AR18: 139 | AS18: =C18+I18+O18+U18+AA18+AG18+AM18 -> 154 | AT18: =D18+J18+P18+V18+AB18+AH18+AN18 -> 134 | AU18: =E18+K18+Q18+W18+AC18+AI18+AO18 -> 12635 | AV18: =F18+L18+R18+X18+AD18+AJ18+AP18 -> 10893 | AW18: =AU18+AV18 -> 23528 | AX18: =AW18/AS18 -> 152.77922
A19: 14 | B19: Jharkhand | C19: 43 | D19: 43 | E19: 17786 | F19: 3904 | G19: 21690 | H19: 504 | I19: 6 | J19: 6 | K19: 1009 | L19: 667 | M19: 1676 | N19: 279 | O19: 41 | P19: 32 | Q19: 2085 | R19: 4610 | S19: 6695 | T19: 163 | U19: 5 | V19: 5 | W19: 380 | X19: 708 | Y19: 1088 | Z19: 218 | AA19: 2 | AB19: 2 | AC19: 263 | AD19: 53 | AE19: 316 | AF19: 158 | AG19: 11 | AH19: 7 | AI19: 754 | AJ19: 524 | AK19: 1278 | AL19: 116 | AM19: 1 | AN19: 1 | AO19: 48 | AP19: 14 | AQ19: 62 | AR19: 62 | AS19: =C19+I19+O19+U19+AA19+AG19+AM19 -> 109 | AT19: =D19+J19+P19+V19+AB19+AH19+AN19 -> 96 | AU19: =E19+K19+Q19+W19+AC19+AI19+AO19 -> 22325 | AV19: =F19+L19+R19+X19+AD19+AJ19+AP19 -> 10480 | AW19: =AU19+AV19 -> 32805 | AX19: =AW19/AS19 -> 300.9633
A20: 15 | B20: Karnataka | C20: 410 | D20: 367 | E20: 88889 | F20: 28944 | G20: 117833 | H20: 287 | I20: 20 | J20: 15 | K20: 2414 | L20: 1659 | M20: 4073 | N20: 204 | O20: 577 | P20: 526 | Q20: 22914 | R20: 49843 | S20: 72757 | T20: 126 | U20: 222 | V20: 220 | W20: 1251 | X20: 3587 | Y20: 4838 | Z20: 22 | AA20: 3 | AB20: 3 | AC20: 575 | AD20: 133 | AE20: 708 | AF20: 236 | AG20: 358 | AH20: 98 | AI20: 4190 | AJ20: 6013 | AK20: 10203 | AL20: 29 | AM20: 2 | AN20: 1 | AO20: 15 | AP20: 4 | AQ20: 19 | AR20: 10 | AS20: =C20+I20+O20+U20+AA20+AG20+AM20 -> 1592 | AT20: =D20+J20+P20+V20+AB20+AH20+AN20 -> 1230 | AU20: =E20+K20+Q20+W20+AC20+AI20+AO20 -> 120248 | AV20: =F20+L20+R20+X20+AD20+AJ20+AP20 -> 90183 | AW20: =AU20+AV20 -> 210431 | AX20: =AW20/AS20 -> 132.18028
A21: 16 | B21: Kerala | C21: 85 | D21: 84 | E21: 42437 | F21: 10735 | G21: 53172 | H21: 626 | I21: 7 | J21: 4 | K21: 381 | L21: 335 | M21: 716 | N21: 102 | O21: 133 | P21: 132 | Q21: 408 | R21: 9594 | S21: 10002 | T21: 75 | U21: 146 | V21: 146 | W21: 2203 | X21: 8911 | Y21: 11114 | Z21: 76 | AA21: 2 | AB21: 1 | AC21: 68 | AD21: 67 | AE21: 135 | AF21: 68 | AG21: 1 | AH21: 1 | AI21: 0 | AJ21: 0 | AK21: 0 | AL21: 0 | AM21: 2 | AN21: 1 | AO21: 181 | AP21: 9 | AQ21: 190 | AR21: 95 | AS21: =C21+I21+O21+U21+AA21+AG21+AM21 -> 376 | AT21: =D21+J21+P21+V21+AB21+AH21+AN21 -> 369 | AU21: =E21+K21+Q21+W21+AC21+AI21+AO21 -> 45678 | AV21: =F21+L21+R21+X21+AD21+AJ21+AP21 -> 29651 | AW21: =AU21+AV21 -> 75329 | AX21: =AW21/AS21 -> 200.34309
A22: 17 | B22: Ladakh | C22: 3 | D22: 2 | E22: 137 | F22: 78 | G22: 215 | H22: 72 | I22: 0 | J22: 0 | K22: 0 | L22: 0 | M22: 0 | O22: 0 | P22: 0 | Q22: 0 | R22: 0 | S22: 0 | U22: 1 | V22: 1 | W22: 0 | X22: 0 | Y22: 0 | Z22: 0 | AA22: 0 | AB22: 0 | AC22: 0 | AD22: 0 | AE22: 0 | AG22: 1 | AH22: 0 | AI22: 0 | AJ22: 0 | AK22: 0 | AL22: 0 | AM22: 0 | AN22: 0 | AO22: 0 | AP22: 0 | AQ22: 0 | AS22: =C22+I22+O22+U22+AA22+AG22+AM22 -> 5 | AT22: =D22+J22+P22+V22+AB22+AH22+AN22 -> 3 | AU22: =E22+K22+Q22+W22+AC22+AI22+AO22 -> 137 | AV22: =F22+L22+R22+X22+AD22+AJ22+AP22 -> 78 | AW22: =AU22+AV22 -> 215 | AX22: =AW22/AS22 -> 43
A23: 18 | B23: Lakshadweep | C23: 0 | D23: 0 | E23: 0 | F23: 0 | G23: 0 | I23: 0 | J23: 0 | K23: 0 | L23: 0 | M23: 0 | O23: 0 | P23: 0 | Q23: 0 | R23: 0 | S23: 0 | U23: 0 | V23: 0 | W23: 0 | X23: 0 | Y23: 0 | AA23: 0 | AB23: 0 | AC23: 0 | AD23: 0 | AE23: 0 | AG23: 0 | AH23: 0 | AI23: 0 | AJ23: 0 | AK23: 0 | AM23: 0 | AN23: 0 | AO23: 0 | AP23: 0 | AQ23: 0 | AS23: =C23+I23+O23+U23+AA23+AG23+AM23 -> 0 | AT23: =D23+J23+P23+V23+AB23+AH23+AN23 -> 0 | AU23: =E23+K23+Q23+W23+AC23+AI23+AO23 -> 0 | AV23: =F23+L23+R23+X23+AD23+AJ23+AP23 -> 0 | AW23: =AU23+AV23 -> 0
A24: 19 | B24: Madhya Pradesh | C24: 62 | D24: 58 | E24: 18804 | F24: 4359 | G24: 23163 | H24: 374 | I24: 63 | J24: 27 | K24: 5119 | L24: 2836 | M24: 7955 | N24: 126 | O24: 108 | P24: 78 | Q24: 3862 | R24: 9176 | S24: 13038 | T24: 121 | U24: 92 | V24: 79 | W24: 4714 | X24: 6269 | Y24: 10983 | Z24: 119 | AA24: 2 | AB24: 2 | AC24: 522 | AD24: 290 | AE24: 812 | AF24: 406 | AG24: 3 | AH24: 2 | AI24: 26 | AJ24: 12 | AK24: 38 | AL24: 13 | AM24: 5 | AN24: 4 | AO24: 235 | AP24: 65 | AQ24: 300 | AR24: 60 | AS24: =C24+I24+O24+U24+AA24+AG24+AM24 -> 335 | AT24: =D24+J24+P24+V24+AB24+AH24+AN24 -> 250 | AU24: =E24+K24+Q24+W24+AC24+AI24+AO24 -> 33282 | AV24: =F24+L24+R24+X24+AD24+AJ24+AP24 -> 23007 | AW24: =AU24+AV24 -> 56289 | AX24: =AW24/AS24 -> 168.02687
A25: 20 | B25: Maharashtra | C25: 734 | D25: 723 | E25: 174120 | F25: 67652 | G25: 241772 | H25: 329 | I25: 51 | J25: 47 | K25: 6781 | L25: 4821 | M25: 11602 | N25: 227 | O25: 606 | P25: 584 | Q25: 3704 | R25: 34540 | S25: 38244 | T25: 63 | U25: 748 | V25: 744 | W25: 7064 | X25: 21931 | Y25: 28995 | Z25: 39 | AA25: 12 | AB25: 11 | AC25: 3348 | AD25: 569 | AE25: 3917 | AF25: 326 | AG25: 0 | AH25: 0 | AI25: 0 | AJ25: 0 | AK25: 0 | AM25: 2 | AN25: 1 | AO25: 812 | AP25: 333 | AQ25: 1145 | AR25: 573 | AS25: =C25+I25+O25+U25+AA25+AG25+AM25 -> 2153 | AT25: =D25+J25+P25+V25+AB25+AH25+AN25 -> 2110 | AU25: =E25+K25+Q25+W25+AC25+AI25+AO25 -> 195829 | AV25: =F25+L25+R25+X25+AD25+AJ25+AP25 -> 129846 | AW25: =AU25+AV25 -> 325675 | AX25: =AW25/AS25 -> 151.26568
A26: 21 | B26: Manipur | C26: 5 | D26: 4 | E26: 365 | F26: 309 | G26: 674 | H26: 135 | I26: 0 | J26: 0 | K26: 0 | L26: 0 | M26: 0 | O26: 14 | P26: 11 | Q26: 28 | R26: 779 | S26: 807 | T26: 58 | U26: 11 | V26: 11 | W26: 375 | X26: 905 | Y26: 1280 | Z26: 116 | AA26: 1 | AB26: 1 | AC26: 124 | AD26: 56 | AE26: 180 | AF26: 180 | AG26: 3 | AH26: 3 | AI26: 60 | AJ26: 137 | AK26: 197 | AL26: 66 | AM26: 0 | AN26: 0 | AO26: 0 | AP26: 0 | AQ26: 0 | AS26: =C26+I26+O26+U26+AA26+AG26+AM26 -> 34 | AT26: =D26+J26+P26+V26+AB26+AH26+AN26 -> 30 | AU26: =E26+K26+Q26+W26+AC26+AI26+AO26 -> 952 | AV26: =F26+L26+R26+X26+AD26+AJ26+AP26 -> 2186 | AW26: =AU26+AV26 -> 3138 | AX26: =AW26/AS26 -> 92.294118
A27: 22 | B27: Meghalaya | C27: 3 | D27: 3 | E27: 588 | F27: 293 | G27: 881 | H27: 294 | I27: 0 | J27: 0 | K27: 0 | L27: 0 | M27: 0 | O27: 8 | P27: 8 | Q27: 34 | R27: 850 | S27: 884 | T27: 111 | U27: 9 | V27: 8 | W27: 553 | X27: 1031 | Y27: 1584 | Z27: 176 | AA27: 1 | AB27: 1 | AC27: 185 | AD27: 306 | AE27: 491 | AF27: 491 | AG27: 0 | AH27: 0 | AI27: 0 | AJ27: 0 | AK27: 0 | AM27: 1 | AN27: 1 | AO27: 231 | AP27: 123 | AQ27: 354 | AR27: 354 | AS27: =C27+I27+O27+U27+AA27+AG27+AM27 -> 22 | AT27: =D27+J27+P27+V27+AB27+AH27+AN27 -> 21 | AU27: =E27+K27+Q27+W27+AC27+AI27+AO27 -> 1591 | AV27: =F27+L27+R27+X27+AD27+AJ27+AP27 -> 2603 | AW27: =AU27+AV27 -> 4194 | AX27: =AW27/AS27 -> 190.63636
A28: 23 | B28: Mizoram | C28: 2 | D28: 2 | E28: 199 | F28: 237 | G28: 436 | H28: 218 | I28: 0 | J28: 0 | K28: 0 | L28: 0 | M28: 0 | O28: 8 | P28: 8 | Q28: 75 | R28: 556 | S28: 631 | T28: 79 | U28: 9 | V28: 9 | W28: 435 | X28: 910 | Y28: 1345 | Z28: 149 | AA28: 0 | AB28: 0 | AC28: 0 | AD28: 0 | AE28: 0 | AG28: 0 | AH28: 0 | AI28: 0 | AJ28: 0 | AK28: 0 | AM28: 0 | AN28: 0 | AO28: 0 | AP28: 0 | AQ28: 0 | AS28: =C28+I28+O28+U28+AA28+AG28+AM28 -> 19 | AT28: =D28+J28+P28+V28+AB28+AH28+AN28 -> 19 | AU28: =E28+K28+Q28+W28+AC28+AI28+AO28 -> 709 | AV28: =F28+L28+R28+X28+AD28+AJ28+AP28 -> 1703 | AW28: =AU28+AV28 -> 2412 | AX28: =AW28/AS28 -> 126.94737
A29: 24 | B29: Nagaland | C29: 7 | D29: 7 | E29: 536 | F29: 228 | G29: 764 | H29: 109 | I29: 0 | J29: 0 | K29: 0 | L29: 0 | M29: 0 | O29: 3 | P29: 3 | Q29: 18 | R29: 328 | S29: 346 | T29: 115 | U29: 9 | V29: 9 | W29: 207 | X29: 468 | Y29: 675 | Z29: 75 | AA29: 0 | AB29: 0 | AC29: 0 | AD29: 0 | AE29: 0 | AG29: 1 | AH29: 1 | AI29: 15 | AJ29: 14 | AK29: 29 | AL29: 29 | AM29: 0 | AN29: 0 | AO29: 0 | AP29: 0 | AQ29: 0 | AS29: =C29+I29+O29+U29+AA29+AG29+AM29 -> 20 | AT29: =D29+J29+P29+V29+AB29+AH29+AN29 -> 20 | AU29: =E29+K29+Q29+W29+AC29+AI29+AO29 -> 776 | AV29: =F29+L29+R29+X29+AD29+AJ29+AP29 -> 1038 | AW29: =AU29+AV29 -> 1814 | AX29: =AW29/AS29 -> 90.7
A30: 25 | B30: Odisha | C30: 139 | D30: 139 | E30: 77439 | F30: 16825 | G30: 94264 | H30: 678 | I30: 8 | J30: 8 | K30: 1114 | L30: 583 | M30: 1697 | N30: 212 | O30: 210 | P30: 210 | Q30: 1159 | R30: 17031 | S30: 18190 | T30: 87 | U30: 65 | V30: 65 | W30: 3874 | X30: 5233 | Y30: 9107 | Z30: 140 | AA30: 3 | AB30: 3 | AC30: 215 | AD30: 85 | AE30: 300 | AF30: 100 | AG30: 55 | AH30: 55 | AI30: 2220 | AJ30: 1287 | AK30: 3507 | AL30: 64 | AM30: 1 | AN30: 1 | AO30: 598 | AP30: 206 | AQ30: 804 | AR30: 804 | AS30: =C30+I30+O30+U30+AA30+AG30+AM30 -> 481 | AT30: =D30+J30+P30+V30+AB30+AH30+AN30 -> 481 | AU30: =E30+K30+Q30+W30+AC30+AI30+AO30 -> 86619 | AV30: =F30+L30+R30+X30+AD30+AJ30+AP30 -> 41250 | AW30: =AU30+AV30 -> 127869 | AX30: =AW30/AS30 -> 265.83992
A31: 26 | B31: Puducherry | C31: 9 | D31: 9 | E31: 2805 | F31: 619 | G31: 3424 | H31: 380 | I31: 0 | J31: 0 | K31: 0 | L31: 0 | M31: 0 | O31: 1 | P31: 1 | Q31: 0 | R31: 137 | S31: 137 | T31: 137 | U31: 2 | V31: 2 | W31: 12 | X31: 165 | Y31: 177 | Z31: 89 | AA31: 0 | AB31: 0 | AC31: 0 | AD31: 0 | AE31: 0 | AG31: 0 | AH31: 0 | AI31: 0 | AJ31: 0 | AK31: 0 | AM31: 0 | AN31: 0 | AO31: 0 | AP31: 0 | AQ31: 0 | AS31: =C31+I31+O31+U31+AA31+AG31+AM31 -> 12 | AT31: =D31+J31+P31+V31+AB31+AH31+AN31 -> 12 | AU31: =E31+K31+Q31+W31+AC31+AI31+AO31 -> 2817 | AV31: =F31+L31+R31+X31+AD31+AJ31+AP31 -> 921 | AW31: =AU31+AV31 -> 3738 | AX31: =AW31/AS31 -> 311.5
A32: 27 | B32: Punjab | C32: 169 | D32: 167 | E32: 29555 | F32: 6630 | G32: 36185 | H32: 214 | I32: 0 | J32: 0 | K32: 0 | L32: 0 | M32: 0 | O32: 128 | P32: 123 | Q32: 3050 | R32: 12462 | S32: 15512 | T32: 121 | U32: 56 | V32: 55 | W32: 1598 | X32: 3814 | Y32: 5412 | Z32: 97 | AA32: 3 | AB32: 2 | AC32: 404 | AD32: 25 | AE32: 429 | AF32: 143 | AG32: 5 | AH32: 3 | AI32: 243 | AJ32: 125 | AK32: 368 | AL32: 74 | AM32: 1 | AN32: 1 | AO32: 496 | AP32: 81 | AQ32: 577 | AR32: 577 | AS32: =C32+I32+O32+U32+AA32+AG32+AM32 -> 362 | AT32: =D32+J32+P32+V32+AB32+AH32+AN32 -> 351 | AU32: =E32+K32+Q32+W32+AC32+AI32+AO32 -> 35346 | AV32: =F32+L32+R32+X32+AD32+AJ32+AP32 -> 23137 | AW32: =AU32+AV32 -> 58483 | AX32: =AW32/AS32 -> 161.55525
A33: 28 | B33: Rajasthan | C33: 137 | D33: 135 | E33: 24767 | F33: 4314 | G33: 29081 | H33: 212 | I33: 4 | J33: 4 | K33: 511 | L33: 415 | M33: 926 | N33: 232 | O33: 59 | P33: 44 | Q33: 3409 | R33: 1829 | S33: 5238 | T33: 89 | U33: 239 | V33: 209 | W33: 12350 | X33: 13134 | Y33: 25484 | Z33: 107 | AA33: 1 | AB33: 1 | AC33: 263 | AD33: 45 | AE33: 308 | AF33: 308 | AG33: 67 | AH33: 35 | AI33: 3021 | AJ33: 998 | AK33: 4019 | AL33: 60 | AM33: 7 | AN33: 2 | AO33: 165 | AP33: 49 | AQ33: 214 | AR33: 31 | AS33: =C33+I33+O33+U33+AA33+AG33+AM33 -> 514 | AT33: =D33+J33+P33+V33+AB33+AH33+AN33 -> 430 | AU33: =E33+K33+Q33+W33+AC33+AI33+AO33 -> 44486 | AV33: =F33+L33+R33+X33+AD33+AJ33+AP33 -> 20784 | AW33: =AU33+AV33 -> 65270 | AX33: =AW33/AS33 -> 126.98444
A34: 29 | B34: Sikkim | C34: 2 | D34: 2 | E34: 815 | F34: 468 | G34: 1283 | H34: 642 | I34: 0 | J34: 0 | K34: 0 | L34: 0 | M34: 0 | O34: 1 | P34: 1 | Q34: 0 | R34: 0 | S34: 0 | T34: 0 | U34: 4 | V34: 4 | W34: 48 | X34: 201 | Y34: 249 | Z34: 62 | AA34: 0 | AB34: 0 | AC34: 0 | AD34: 0 | AE34: 0 | AG34: 0 | AH34: 0 | AI34: 0 | AJ34: 0 | AK34: 0 | AM34: 1 | AN34: 1 | AO34: 56 | AP34: 22 | AQ34: 78 | AR34: 78 | AS34: =C34+I34+O34+U34+AA34+AG34+AM34 -> 8 | AT34: =D34+J34+P34+V34+AB34+AH34+AN34 -> 8 | AU34: =E34+K34+Q34+W34+AC34+AI34+AO34 -> 919 | AV34: =F34+L34+R34+X34+AD34+AJ34+AP34 -> 691 | AW34: =AU34+AV34 -> 1610 | AX34: =AW34/AS34 -> 201.25
A35: 30 | B35: Tamil Nadu | C35: 494 | D35: 494 | E35: 226690 | F35: 22850 | G35: 249540 | H35: 505 | I35: 10 | J35: 8 | K35: 644 | L35: 381 | M35: 1025 | N35: 103 | O35: 105 | P35: 105 | Q35: 79 | R35: 7867 | S35: 7946 | T35: 76 | U35: 280 | V35: 278 | W35: 416 | X35: 4783 | Y35: 5199 | Z35: 19 | AA35: 4 | AB35: 4 | AC35: 879 | AD35: 100 | AE35: 979 | AF35: 245 | AG35: 0 | AH35: 0 | AI35: 0 | AJ35: 0 | AK35: 0 | AM35: 2 | AN35: 2 | AO35: 1011 | AP35: 204 | AQ35: 1215 | AR35: 608 | AS35: =C35+I35+O35+U35+AA35+AG35+AM35 -> 895 | AT35: =D35+J35+P35+V35+AB35+AH35+AN35 -> 891 | AU35: =E35+K35+Q35+W35+AC35+AI35+AO35 -> 229719 | AV35: =F35+L35+R35+X35+AD35+AJ35+AP35 -> 36185 | AW35: =AU35+AV35 -> 265904 | AX35: =AW35/AS35 -> 297.09944
A36: 31 | B36: Telangana | C36: 135 | D36: 135 | E36: 43692 | F36: 18153 | G36: 61845 | H36: 458 | I36: 16 | J36: 12 | K36: 1813 | L36: 1391 | M36: 3204 | N36: 200 | O36: 126 | P36: 124 | Q36: 557 | R36: 12738 | S36: 13295 | T36: 106 | U36: 177 | V36: 176 | W36: 2540 | X36: 7961 | Y36: 10501 | Z36: 59 | AA36: 3 | AB36: 0 | AC36: 0 | AD36: 0 | AE36: 0 | AF36: 0 | AG36: 0 | AH36: 0 | AI36: 0 | AJ36: 0 | AK36: 0 | AM36: 1 | AN36: 1 | AO36: 570 | AP36: 174 | AQ36: 744 | AR36: 744 | AS36: =C36+I36+O36+U36+AA36+AG36+AM36 -> 458 | AT36: =D36+J36+P36+V36+AB36+AH36+AN36 -> 448 | AU36: =E36+K36+Q36+W36+AC36+AI36+AO36 -> 49172 | AV36: =F36+L36+R36+X36+AD36+AJ36+AP36 -> 40417 | AW36: =AU36+AV36 -> 89589 | AX36: =AW36/AS36 -> 195.60917
A37: 32 | B37: The Dadra and Nagar Haveli and Daman and Diu | C37: 0 | D37: 0 | E37: 0 | F37: 0 | G37: 0 | I37: 0 | J37: 0 | K37: 0 | L37: 0 | M37: 0 | O37: 0 | P37: 0 | Q37: 0 | R37: 0 | S37: 0 | U37: 0 | V37: 0 | W37: 0 | X37: 0 | Y37: 0 | AA37: 0 | AB37: 0 | AC37: 0 | AD37: 0 | AE37: 0 | AG37: 0 | AH37: 0 | AI37: 0 | AJ37: 0 | AK37: 0 | AM37: 1 | AN37: 1 | AO37: 131 | AP37: 30 | AQ37: 161 | AR37: 161 | AS37: =C37+I37+O37+U37+AA37+AG37+AM37 -> 1 | AT37: =D37+J37+P37+V37+AB37+AH37+AN37 -> 1 | AU37: =E37+K37+Q37+W37+AC37+AI37+AO37 -> 131 | AV37: =F37+L37+R37+X37+AD37+AJ37+AP37 -> 30 | AW37: =AU37+AV37 -> 161 | AX37: =AW37/AS37 -> 161
A38: 33 | B38: Tripura | C38: 0 | D38: 0 | E38: 0 | F38: 0 | G38: 0 | I38: 0 | J38: 0 | K38: 0 | L38: 0 | M38: 0 | O38: 8 | P38: 6 | Q38: 136 | R38: 662 | S38: 798 | T38: 100 | U38: 4 | V38: 4 | W38: 249 | X38: 429 | Y38: 678 | Z38: 170 | AA38: 2 | AB38: 2 | AC38: 60 | AD38: 19 | AE38: 79 | AF38: 40 | AG38: 0 | AH38: 0 | AI38: 0 | AJ38: 0 | AK38: 0 | AM38: 0 | AN38: 0 | AO38: 0 | AP38: 0 | AQ38: 0 | AS38: =C38+I38+O38+U38+AA38+AG38+AM38 -> 14 | AT38: =D38+J38+P38+V38+AB38+AH38+AN38 -> 12 | AU38: =E38+K38+Q38+W38+AC38+AI38+AO38 -> 445 | AV38: =F38+L38+R38+X38+AD38+AJ38+AP38 -> 1110 | AW38: =AU38+AV38 -> 1555 | AX38: =AW38/AS38 -> 111.07143
A39: 34 | B39: Uttar Pradesh | C39: 542 | D39: 434 | E39: 130801 | F39: 23576 | G39: 154377 | H39: 285 | I39: 38 | J39: 36 | K39: 8468 | L39: 4571 | M39: 13039 | N39: 343 | O39: 284 | P39: 270 | Q39: 9111 | R39: 49372 | S39: 58483 | T39: 206 | U39: 197 | V39: 142 | W39: 6470 | X39: 8206 | Y39: 14676 | Z39: 74 | AA39: 6 | AB39: 3 | AC39: 608 | AD39: 69 | AE39: 677 | AF39: 113 | AG39: 77 | AH39: 28 | AI39: 1292 | AJ39: 592 | AK39: 1884 | AL39: 24 | AM39: 4 | AN39: 4 | AO39: 895 | AP39: 264 | AQ39: 1159 | AR39: 290 | AS39: =C39+I39+O39+U39+AA39+AG39+AM39 -> 1148 | AT39: =D39+J39+P39+V39+AB39+AH39+AN39 -> 917 | AU39: =E39+K39+Q39+W39+AC39+AI39+AO39 -> 157645 | AV39: =F39+L39+R39+X39+AD39+AJ39+AP39 -> 86650 | AW39: =AU39+AV39 -> 244295 | AX39: =AW39/AS39 -> 212.80052
A40: 35 | B40: Uttarakhand | C40: 113 | D40: 111 | E40: 12644 | F40: 3465 | G40: 16109 | H40: 143 | I40: 2 | J40: 2 | K40: 239 | L40: 479 | M40: 718 | N40: 359 | O40: 24 | P40: 22 | Q40: 984 | R40: 1809 | S40: 2793 | T40: 116 | U40: 11 | V40: 11 | W40: 144 | X40: 71 | Y40: 215 | Z40: 20 | AA40: 2 | AB40: 2 | AC40: 509 | AD40: 55 | AE40: 564 | AF40: 282 | AG40: 0 | AH40: 0 | AI40: 0 | AJ40: 0 | AK40: 0 | AM40: 1 | AN40: 1 | AO40: 432 | AP40: 34 | AQ40: 466 | AR40: 466 | AS40: =C40+I40+O40+U40+AA40+AG40+AM40 -> 153 | AT40: =D40+J40+P40+V40+AB40+AH40+AN40 -> 149 | AU40: =E40+K40+Q40+W40+AC40+AI40+AO40 -> 14952 | AV40: =F40+L40+R40+X40+AD40+AJ40+AP40 -> 5913 | AW40: =AU40+AV40 -> 20865 | AX40: =AW40/AS40 -> 136.37255
A41: 36 | B41: West Bengal | C41: 166 | D41: 166 | E41: 71595 | F41: 11012 | G41: 82607 | H41: 498 | I41: 16 | J41: 16 | K41: 3330 | L41: 1676 | M41: 5006 | N41: 313 | O41: 96 | P41: 96 | Q41: 454 | R41: 16274 | S41: 16728 | T41: 174 | U41: 227 | V41: 227 | W41: 21069 | X41: 24126 | Y41: 45195 | Z41: 199 | AA41: 14 | AB41: 14 | AC41: 3705 | AD41: 2508 | AE41: 6213 | AF41: 444 | AG41: 6 | AH41: 5 | AI41: 144 | AJ41: 86 | AK41: 230 | AL41: 38 | AM41: 2 | AN41: 2 | AO41: 235 | AP41: 115 | AQ41: 350 | AR41: 175 | AS41: =C41+I41+O41+U41+AA41+AG41+AM41 -> 527 | AT41: =D41+J41+P41+V41+AB41+AH41+AN41 -> 526 | AU41: =E41+K41+Q41+W41+AC41+AI41+AO41 -> 100532 | AV41: =F41+L41+R41+X41+AD41+AJ41+AP41 -> 55797 | AW41: =AU41+AV41 -> 156329 | AX41: =AW41/AS41 -> 296.63947
A42: All India | C42: 3780 | D42: 3588 | E42: 1127627 | F42: 264404 | G42: 1392031 | H42: 368.16477 | I42: 282 | J42: 223 | K42: 37901 | L42: 23812 | M42: 61713 | N42: 218.84043 | O42: 3267 | P42: 3079 | Q42: 61784 | R42: 297074 | S42: 358858 | T42: 109.84328 | U42: 3188 | V42: 3028 | W42: 91631 | X42: 155605 | Y42: 247236 | Z42: 77.55207 | AA42: 84 | AB42: 72 | AC42: 13378 | AD42: 5285 | AE42: 18663 | AF42: 222.17857 | AG42: 639 | AH42: 275 | AI42: 16406 | AJ42: 14921 | AK42: 31327 | AL42: 49.025039 | AM42: 55 | AN42: 42 | AO42: 11729 | AP42: 2876 | AQ42: 14605 | AR42: 265.54545 | AS42: =SUM(AS6:AS41) -> 11296 | AT42: =SUM(AT6:AT41) -> 10307 | AU42: =SUM(AU6:AU41) -> 1360456 | AV42: =SUM(AV6:AV41) -> 763977 | AW42: =SUM(AW6:AW41) -> 2124433 | AX42: =AW42/AS42 -> 188.06949
C43: #VALUE! | D43: TRUE | E43: TRUE | F43: TRUE | G43: TRUE | I43: #VALUE! | J43: TRUE | K43: TRUE | L43: TRUE | M43: TRUE | O43: #VALUE! | P43: TRUE | Q43: TRUE | R43: TRUE | S43: TRUE | U43: #VALUE! | V43: TRUE | W43: TRUE | X43: TRUE | Y43: TRUE | AA43: #VALUE! | AB43: TRUE | AC43: TRUE | AD43: TRUE | AE43: TRUE | AS43: #VALUE! | AT43: TRUE | AU43: TRUE | AV43: TRUE | AW43: TRUE
AU44: 64.046821
C45: Male | D45: Female | E45: Total
B46: Polytechnics | C46: 981968 | D46: 210499 | E46: 1192467 | F46: 82.347604
B47: Nursing | C47: 16051 | D47: 88510 | E47: 104561 | F47: 15.350848
B48: Teacher Training | C48: 123103 | D48: 199560 | E48: 322663 | F48: 38.15219
B50: Polytechnics | D50: Tamil Nadu | E50: 90.842398
D51: Maharashtra | E51: 72.018265
D52: Karnataka | E52: 75.436423
D53: Punjab | E53: 81.677491
D54: Odisha | E54: 82.151192
D55: Andhra Pradesh | E55: 76.556684
D56: Haryana | E56: 83.706532
B58: Nursing | D58: Karnataka | E58: 68.504976
D59: Andhra Pradesh | E59: 90.825835
D60: Kerala | E60: 95.920816
B62: Teacher Training | D62: Karnataka | E62: 74.142208
D63: Maharashtra | E63: 75.637179
D64: Uttar Pradesh | E64: 55.914418
D65: Tamil Nadu | E65: 91.998461
D66: Andhra Pradesh | E66: 62.816606

Sheet 9aSAILevel
B1: Table 9a. | C1: Level-wise Enrolment in Standalone Institutions | L1: =C1 -> Level-wise Enrolment in Standalone Institutions | U1: =L1 -> Level-wise Enrolment in Standalone Institutions
A2: Sl No | B2: State | C2: Ph.D. | F2: M.Phil. | I2: Post Graduate | L2: Under Graduate | O2: PG Diploma | R2: Diploma | U2: Certificate | X2: Integrated | AA2: Grand Total
C3: Male | D3: Female | E3: Total | F3: Male | G3: Female | H3: Total | I3: Male | J3: Female | K3: Total | L3: Male | M3: Female | N3: Total | O3: Male | P3: Female | Q3: Total | R3: Male | S3: Female | T3: Total | U3: Male | V3: Female | W3: Total | X3: Male | Y3: Female | Z3: Total | AA3: Male | AB3: Female | AC3: Total
A4: 1 | B4: 2 | C4: 3 | D4: 4 | E4: 5 | F4: 6 | G4: 7 | H4: 8 | I4: 9 | J4: 10 | K4: 11 | L4: 12 | M4: 13 | N4: 14 | O4: 15 | P4: 16 | Q4: 17 | R4: 18 | S4: 19 | T4: 20 | U4: 21 | V4: 22 | W4: 23 | X4: 24 | Y4: 25 | Z4: 26 | AA4: 27 | AB4: 28 | AC4: 29
A5: 1 | B5: Andaman and Nicobar Islands | C5: 0 | D5: 0 | E5: 0 | G5: 0 | H5: 0 | I5: 0 | J5: 0 | K5: 0 | L5: 0 | M5: 0 | N5: 0 | O5: 0 | P5: 0 | Q5: 0 | R5: 32 | S5: 92 | T5: 124 | U5: 0 | V5: 0 | W5: 0 | X5: 0 | Y5: 0 | Z5: 0 | AA5: 32 | AB5: 92 | AC5: 124
A6: 2 | B6: Andhra Pradesh | C6: 0 | D6: 0 | E6: 0 | G6: 0 | H6: 0 | I6: 222 | J6: 186 | K6: 408 | L6: 547 | M6: 589 | N6: 1136 | O6: 22 | P6: 18 | Q6: 40 | R6: 64920 | S6: 51723 | T6: 116643 | U6: 0 | V6: 101 | W6: 101 | X6: 0 | Y6: 0 | Z6: 0 | AA6: 65711 | AB6: 52617 | AC6: 118328
A7: 3 | B7: Arunachal Pradesh | C7: 0 | D7: 0 | E7: 0 | G7: 0 | H7: 0 | I7: 0 | J7: 0 | K7: 0 | L7: 0 | M7: 0 | N7: 0 | O7: 0 | P7: 0 | Q7: 0 | R7: 678 | S7: 336 | T7: 1014 | U7: 0 | V7: 0 | W7: 0 | X7: 0 | Y7: 0 | Z7: 0 | AA7: 678 | AB7: 336 | AC7: 1014
A8: 4 | B8: Assam | C8: 0 | D8: 0 | E8: 0 | G8: 0 | H8: 0 | I8: 79 | J8: 49 | K8: 128 | L8: 606 | M8: 775 | N8: 1381 | O8: 24 | P8: 5 | Q8: 29 | R8: 9184 | S8: 6695 | T8: 15879 | U8: 0 | V8: 36 | W8: 36 | X8: 0 | Y8: 0 | Z8: 0 | AA8: 9893 | AB8: 7560 | AC8: 17453
A9: 5 | B9: Bihar | C9: 2 | D9: 2 | E9: 4 | G9: 0 | H9: 0 | I9: 54 | J9: 46 | K9: 100 | L9: 1578 | M9: 1207 | N9: 2785 | O9: 471 | P9: 207 | Q9: 678 | R9: 38767 | S9: 27414 | T9: 66181 | U9: 111 | V9: 444 | W9: 555 | X9: 0 | Y9: 0 | Z9: 0 | AA9: 40983 | AB9: 29320 | AC9: 70303
A10: 6 | B10: Chandigarh | C10: 0 | D10: 0 | E10: 0 | G10: 0 | H10: 0 | I10: 0 | J10: 0 | K10: 0 | L10: 781 | M10: 242 | N10: 1023 | O10: 18 | P10: 16 | Q10: 34 | R10: 1647 | S10: 1026 | T10: 2673 | U10: 0 | V10: 0 | W10: 0 | X10: 0 | Y10: 0 | Z10: 0 | AA10: 2446 | AB10: 1284 | AC10: 3730
A11: 7 | B11: Chhattisgarh | C11: 0 | D11: 0 | E11: 0 | G11: 0 | H11: 0 | I11: 26 | J11: 44 | K11: 70 | L11: 34 | M11: 242 | N11: 276 | O11: 224 | P11: 164 | Q11: 388 | R11: 1953 | S11: 3831 | T11: 5784 | U11: 5 | V11: 35 | W11: 40 | X11: 0 | Y11: 0 | Z11: 0 | AA11: 2242 | AB11: 4316 | AC11: 6558
A12: 8 | B12: Delhi | C12: 3 | D12: 1 | E12: 4 | G12: 0 | H12: 0 | I12: 163 | J12: 182 | K12: 345 | L12: 431 | M12: 435 | N12: 866 | O12: 2493 | P12: 1757 | Q12: 4250 | R12: 10690 | S12: 8030 | T12: 18720 | U12: 368 | V12: 264 | W12: 632 | X12: 0 | Y12: 0 | Z12: 0 | AA12: 14148 | AB12: 10669 | AC12: 24817
A13: 9 | B13: Goa | C13: 1 | D13: 5 | E13: 6 | G13: 0 | H13: 0 | I13: 603 | J13: 362 | K13: 965 | L13: 821 | M13: 183 | N13: 1004 | O13: 0 | P13: 0 | Q13: 0 | R13: 4576 | S13: 1301 | T13: 5877 | U13: 0 | V13: 0 | W13: 0 | X13: 0 | Y13: 0 | Z13: 0 | AA13: 6001 | AB13: 1851 | AC13: 7852
A14: 10 | B14: Gujarat | C14: 29 | D14: 42 | E14: 71 | G14: 0 | H14: 0 | I14: 673 | J14: 596 | K14: 1269 | L14: 1300 | M14: 1170 | N14: 2470 | O14: 692 | P14: 366 | Q14: 1058 | R14: 5278 | S14: 17819 | T14: 23097 | U14: 568 | V14: 1365 | W14: 1933 | X14: 0 | Y14: 0 | Z14: 0 | AA14: 8540 | AB14: 21358 | AC14: 29898
A15: 11 | B15: Haryana | C15: 9 | D15: 13 | E15: 22 | G15: 0 | H15: 0 | I15: 233 | J15: 208 | K15: 441 | L15: 1597 | M15: 1067 | N15: 2664 | O15: 337 | P15: 75 | Q15: 412 | R15: 43624 | S15: 13129 | T15: 56753 | U15: 224 | V15: 18 | W15: 242 | X15: 0 | Y15: 0 | Z15: 0 | AA15: 46024 | AB15: 14510 | AC15: 60534
A16: 12 | B16: Himachal Pradesh | C16: 0 | D16: 0 | E16: 0 | G16: 0 | H16: 0 | I16: 0 | J16: 20 | K16: 20 | L16: 868 | M16: 801 | N16: 1669 | O16: 0 | P16: 0 | Q16: 0 | R16: 5678 | S16: 4509 | T16: 10187 | U16: 267 | V16: 181 | W16: 448 | X16: 0 | Y16: 0 | Z16: 0 | AA16: 6813 | AB16: 5511 | AC16: 12324
... A40: 36 | B40: West Bengal | C40: 6 | D40: 5 | E40: 11 | G40: 0 | H40: 0 | I40: 376 | J40: 314 | K40: 690 | L40: 10183 | M40: 9810 | N40: 19993 | O40: 1279 | P40: 721 | Q40: 2000 | R40: 88581 | S40: 44771 | T40: 133352 | U40: 98 | V40: 164 | W40: 262 | X40: 9 | Y40: 12 | Z40: 21 | AA40: 100532 | AB40: 55797 | AC40: 156329
A41: All India | C41: 103 | D41: 104 | E41: 207 | I41: 11680 | J41: 7948 | K41: 19628 | L41: 40634 | M41: 42435 | N41: 83069 | O41: 27997 | P41: 17616 | Q41: 45613 | R41: 1271537 | S41: 685669 | T41: 1957206 | U41: 8386 | V41: 9765 | W41: 18151 | X41: 119 | Y41: 440 | Z41: 559 | AA41: 1360456 | AB41: 763977 | AC41: 2124433

Sheet 10InstituionEst
A1: Table 10. State-wise Estimated Enrolment in All Type of Institutions
A2: Sl No | B2: State | C2: University and Its Constituent Units | F2: Colleges | I2: Stand Alone Institutions | L2: Grand Total
C3: Male | D3: Female | E3: Total | F3: Male | G3: Female | H3: Total | I3: Male | J3: Female | K3: Total | L3: Male | M3: Female | N3: Total
A4: 1 | B4: 2 | C4: 3 | D4: 4 | E4: 5 | F4: 6 | G4: 7 | H4: 8 | I4: 9 | J4: 10 | K4: 11 | L4: 12 | M4: 13 | N4: 14
A5: 1 | B5: Andaman and Nicobar Islands | C5: 2186 | D5: 2042 | E5: 4228 | F5: 3316 | G5: 4297 | H5: 7613 | I5: 32 | J5: 92 | K5: 124 | L5: =C5+F5+I5 -> 5534 | M5: =D5+G5+J5 -> 6431 | N5: =E5+H5+K5 -> 11965 | O5: =L5='[1]6TotalEnr'!AA5 -> TRUE | P5: =M5='[1]6TotalEnr'!AB5 -> TRUE | Q5: =N5='[1]6TotalEnr'!AC5 -> TRUE
A6: 2 | B6: Andhra Pradesh | C6: 209150 | D6: 161584 | E6: 370734 | F6: 779036 | G6: 713068 | H6: 1492104 | I6: 67879 | J6: 56901 | K6: 124780 | L6: =C6+F6+I6 -> 1056065 | M6: =D6+G6+J6 -> 931553 | N6: =E6+H6+K6 -> 1987618 | O6: =L6='[1]6TotalEnr'!AA6 -> TRUE | P6: =M6='[1]6TotalEnr'!AB6 -> TRUE | Q6: =N6='[1]6TotalEnr'!AC6 -> TRUE
A7: 3 | B7: Arunachal Pradesh | C7: 19350 | D7: 16231 | E7: 35581 | F7: 11437 | G7: 11703 | H7: 23140 | I7: 678 | J7: 336 | K7: 1014 | L7: =C7+F7+I7 -> 31465 | M7: =D7+G7+J7 -> 28270 | N7: =E7+H7+K7 -> 59735 | O7: =L7='[1]6TotalEnr'!AA7 -> TRUE | P7: =M7='[1]6TotalEnr'!AB7 -> TRUE | Q7: =N7='[1]6TotalEnr'!AC7 -> TRUE
A8: 4 | B8: Assam | C8: 64106 | D8: 55710 | E8: 119816 | F8: 266769 | G8: 291152 | H8: 557921 | I8: 11110 | J8: 8246 | K8: 19356 | L8: =C8+F8+I8 -> 341985 | M8: =D8+G8+J8 -> 355108 | N8: =E8+H8+K8 -> 697093 | O8: =L8='[1]6TotalEnr'!AA8 -> TRUE | P8: =M8='[1]6TotalEnr'!AB8 -> TRUE | Q8: =N8='[1]6TotalEnr'!AC8 -> TRUE
A9: 5 | B9: Bihar | C9: 204658 | D9: 130091 | E9: 334749 | F9: 1062729 | G9: 890467 | H9: 1953196 | I9: 42015 | J9: 30981 | K9: 72996 | L9: =C9+F9+I9 -> 1309402 | M9: =D9+G9+J9 -> 1051539 | N9: =E9+H9+K9 -> 2360941 | O9: =L9='[1]6TotalEnr'!AA9 -> TRUE | P9: =M9='[1]6TotalEnr'!AB9 -> TRUE | Q9: =N9='[1]6TotalEnr'!AC9 -> TRUE
A10: 6 | B10: Chandigarh | C10: 32551 | D10: 25038 | E10: 57589 | F10: 19812 | G10: 29334 | H10: 49146 | I10: 2446 | J10: 1284 | K10: 3730 | L10: =C10+F10+I10 -> 54809 | M10: =D10+G10+J10 -> 55656 | N10: =E10+H10+K10 -> 110465 | O10: =L10='[1]6TotalEnr'!AA10 -> TRUE | P10: =M10='[1]6TotalEnr'!AB10 -> TRUE | Q10: =N10='[1]6TotalEnr'!AC10 -> TRUE
A11: 7 | B11: Chhattisgarh | C11: 75672 | D11: 56505 | E11: 132177 | F11: 224633 | G11: 289185 | H11: 513818 | I11: 2535 | J11: 4875 | K11: 7410 | L11: =C11+F11+I11 -> 302840 | M11: =D11+G11+J11 -> 350565 | N11: =E11+H11+K11 -> 653405 | O11: =L11='[1]6TotalEnr'!AA11 -> TRUE | P11: =M11='[1]6TotalEnr'!AB11 -> TRUE | Q11: =N11='[1]6TotalEnr'!AC11 -> TRUE
A12: 8 | B12: Delhi | C12: 413119 | D12: 382452 | E12: 795571 | F12: 137262 | G12: 147576 | H12: 284838 | I12: 14468 | J12: 11394 | K12: 25862 | L12: =C12+F12+I12 -> 564849 | M12: =D12+G12+J12 -> 541422 | N12: =E12+H12+K12 -> 1106271 | O12: =L12='[1]6TotalEnr'!AA12 -> TRUE | P12: =M12='[1]6TotalEnr'!AB12 -> TRUE | Q12: =N12='[1]6TotalEnr'!AC12 -> TRUE
A13: 9 | B13: Goa | C13: 6031 | D13: 4677 | E13: 10708 | F13: 17372 | G13: 24353 | H13: 41725 | I13: 6001 | J13: 1851 | K13: 7852 | L13: =C13+F13+I13 -> 29404 | M13: =D13+G13+J13 -> 30881 | N13: =E13+H13+K13 -> 60285 | O13: =L13='[1]6TotalEnr'!AA13 -> TRUE | P13: =M13='[1]6TotalEnr'!AB13 -> TRUE | Q13: =N13='[1]6TotalEnr'!AC13 -> TRUE
A14: 10 | B14: Gujarat | C14: 253807 | D14: 160665 | E14: 414472 | F14: 675661 | G14: 532593 | H14: 1208254 | I14: 8676 | J14: 21728 | K14: 30404 | L14: =C14+F14+I14 -> 938144 | M14: =D14+G14+J14 -> 714986 | N14: =E14+H14+K14 -> 1653130 | O14: =L14='[1]6TotalEnr'!AA14 -> TRUE | P14: =M14='[1]6TotalEnr'!AB14 -> TRUE | Q14: =N14='[1]6TotalEnr'!AC14 -> TRUE
A15: 11 | B15: Haryana | C15: 195711 | D15: 132441 | E15: 328152 | F15: 275450 | G15: 363614 | H15: 639064 | I15: 46652 | J15: 15291 | K15: 61943 | L15: =C15+F15+I15 -> 517813 | M15: =D15+G15+J15 -> 511346 | N15: =E15+H15+K15 -> 1029159 | O15: =L15='[1]6TotalEnr'!AA15 -> TRUE | P15: =M15='[1]6TotalEnr'!AB15 -> TRUE | Q15: =N15='[1]6TotalEnr'!AC15 -> TRUE
A16: 12 | B16: Himachal Pradesh | C16: 54319 | D16: 41496 | E16: 95815 | F16: 71783 | G16: 108737 | H16: 180520 | I16: 7094 | J16: 6156 | K16: 13250 | L16: =C16+F16+I16 -> 133196 | M16: =D16+G16+J16 -> 156389 | N16: =E16+H16+K16 -> 289585 | O16: =L16='[1]6TotalEnr'!AA16 -> TRUE | P16: =M16='[1]6TotalEnr'!AB16 -> TRUE | Q16: =N16='[1]6TotalEnr'!AC16 -> TRUE
... A21: 17 | B21: Ladakh | C21: 240 | D21: 185 | E21: 425 | F21: 663 | G21: 1669 | H21: 2332 | I21: 205 | J21: 185 | K21: 390 | L21: =C21+F21+I21 -> 1108 | M21: =D21+G21+J21 -> 2039 | N21: =E21+H21+K21 -> 3147 | O21: =L21='[1]6TotalEnr'!AA21 -> TRUE | P21: =M21='[1]6TotalEnr'!AB21 -> TRUE | Q21: =N21='[1]6TotalEnr'!AC21 -> TRUE
A22: 18 | B22: Lakshadweep | C22: 133 | D22: 427 | E22: 560 | L22: =C22+F22+I22 -> 133 | M22: =D22+G22+J22 -> 427 | N22: =E22+H22+K22 -> 560 | O22: =L22='[1]6TotalEnr'!AA22 -> TRUE | P22: =M22='[1]6TotalEnr'!AB22 -> TRUE | Q22: =N22='[1]6TotalEnr'!AC22 -> TRUE
A23: 19 | B23: Madhya Pradesh | C23: 400346 | D23: 251029 | E23: 651375 | F23: 937033 | G23: 945767 | H23: 1882800 | I23: 36657 | J23: 27729 | K23: 64386 | L23: =C23+F23+I23 -> 1374036 | M23: =D23+G23+J23 -> 1224525 | N23: =E23+H23+K23 -> 2598561 | O23: =L23='[1]6TotalEnr'!AA23 -> TRUE | P23: =M23='[1]6TotalEnr'!AB23 -> TRUE | Q23: =N23='[1]6TotalEnr'!AC23 -> TRUE
A24: 20 | B24: Maharashtra | C24: 632741 | D24: 455064 | E24: 1087805 | F24: 1651859 | G24: 1457921 | H24: 3109780 | I24: 207297 | J24: 141267 | K24: 348564 | L24: =C24+F24+I24 -> 2491897 | M24: =D24+G24+J24 -> 2054252 | N24: =E24+H24+K24 -> 4546149 | O24: =L24='[1]6TotalEnr'!AA24 -> TRUE | P24: =M24='[1]6TotalEnr'!AB24 -> TRUE | Q24: =N24='[1]6TotalEnr'!AC24 -> TRUE
A25: 21 | B25: Manipur | C25: 8630 | D25: 7643 | E25: 16273 | F25: 59206 | G25: 59562 | H25: 118768 | I25: 1080 | J25: 2378 | K25: 3458 | L25: =C25+F25+I25 -> 68916 | M25: =D25+G25+J25 -> 69583 | N25: =E25+H25+K25 -> 138499 | O25: =L25='[1]6TotalEnr'!AA25 -> TRUE | P25: =M25='[1]6TotalEnr'!AB25 -> TRUE | Q25: =N25='[1]6TotalEnr'!AC25 -> TRUE
A26: 22 | B26: Meghalaya | C26: 9838 | D26: 10994 | E26: 20832 | F26: 31643 | G26: 40763 | H26: 72406 | I26: 1623 | J26: 2723 | K26: 4346 | L26: =C26+F26+I26 -> 43104 | M26: =D26+G26+J26 -> 54480 | N26: =E26+H26+K26 -> 97584 | O26: =L26='[1]6TotalEnr'!AA26 -> TRUE | P26: =M26='[1]6TotalEnr'!AB26 -> TRUE | Q26: =N26='[1]6TotalEnr'!AC26 -> TRUE
A27: 23 | B27: Mizoram | C27: 5498 | D27: 5432 | E27: 10930 | F27: 12994 | G27: 12374 | H27: 25368 | I27: 709 | J27: 1703 | K27: 2412 | L27: =C27+F27+I27 -> 19201 | M27: =D27+G27+J27 -> 19509 | N27: =E27+H27+K27 -> 38710 | O27: =L27='[1]6TotalEnr'!AA27 -> TRUE | P27: =M27='[1]6TotalEnr'!AB27 -> TRUE | Q27: =N27='[1]6TotalEnr'!AC27 -> TRUE
A28: 24 | B28: Nagaland | C28: 5787 | D28: 5986 | E28: 11773 | F28: 15165 | G28: 18131 | H28: 33296 | I28: 798 | J28: 1087 | K28: 1885 | L28: =C28+F28+I28 -> 21750 | M28: =D28+G28+J28 -> 25204 | N28: =E28+H28+K28 -> 46954 | O28: =L28='[1]6TotalEnr'!AA28 -> TRUE | P28: =M28='[1]6TotalEnr'!AB28 -> TRUE | Q28: =N28='[1]6TotalEnr'!AC28 -> TRUE
A29: 25 | B29: Odisha | C29: 90244 | D29: 90725 | E29: 180969 | F29: 347634 | G29: 347797 | H29: 695431 | I29: 88005 | J29: 42617 | K29: 130622 | L29: =C29+F29+I29 -> 525883 | M29: =D29+G29+J29 -> 481139 | N29: =E29+H29+K29 -> 1007022 | O29: =L29='[1]6TotalEnr'!AA29 -> TRUE | P29: =M29='[1]6TotalEnr'!AB29 -> TRUE | Q29: =N29='[1]6TotalEnr'!AC29 -> TRUE
A30: 26 | B30: Puducherry | C30: 16282 | D30: 15375 | E30: 31657 | F30: 24088 | G30: 31770 | H30: 55858 | I30: 2817 | J30: 921 | K30: 3738 | L30: =C30+F30+I30 -> 43187 | M30: =D30+G30+J30 -> 48066 | N30: =E30+H30+K30 -> 91253 | O30: =L30='[1]6TotalEnr'!AA30 -> TRUE | P30: =M30='[1]6TotalEnr'!AB30 -> TRUE | Q30: =N30='[1]6TotalEnr'!AC30 -> TRUE
A31: 27 | B31: Punjab | C31: 157591 | D31: 107299 | E31: 264890 | F31: 222982 | G31: 283706 | H31: 506688 | I31: 37671 | J31: 24086 | K31: 61757 | L31: =C31+F31+I31 -> 418244 | M31: =D31+G31+J31 -> 415091 | N31: =E31+H31+K31 -> 833335 | O31: =L31='[1]6TotalEnr'!AA31 -> TRUE | P31: =M31='[1]6TotalEnr'!AB31 -> TRUE | Q31: =N31='[1]6TotalEnr'!AC31 -> TRUE
A32: 28 | B32: Rajasthan | C32: 326538 | D32: 188104 | E32: 514642 | F32: 902646 | G32: 941390 | H32: 1844036 | I32: 49120 | J32: 24992 | K32: 74112 | L32: =C32+F32+I32 -> 1278304 | M32: =D32+G32+J32 -> 1154486 | N32: =E32+H32+K32 -> 2432790 | O32: =L32='[1]6TotalEnr'!AA32 -> TRUE | P32: =M32='[1]6TotalEnr'!AB32 -> TRUE | Q32: =N32='[1]6TotalEnr'!AC32 -> TRUE
A33: 29 | B33: Sikkim | C33: 9320 | D33: 10041 | E33: 19361 | F33: 6458 | G33: 7245 | H33: 13703 | I33: 929 | J33: 781 | K33: 1710 | L33: =C33+F33+I33 -> 16707 | M33: =D33+G33+J33 -> 18067 | N33: =E33+H33+K33 -> 34774 | O33: =L33='[1]6TotalEnr'!AA33 -> TRUE | P33: =M33='[1]6TotalEnr'!AB33 -> TRUE | Q33: =N33='[1]6TotalEnr'!AC33 -> TRUE
A34: 30 | B34: Tamil Nadu | C34: 428661 | D34: 379998 | E34: 808659 | F34: 998620 | G34: 1256015 | H34: 2254635 | I34: 234872 | J34: 38273 | K34: 273145 | L34: =C34+F34+I34 -> 1662153 | M34: =D34+G34+J34 -> 1674286 | N34: =E34+H34+K34 -> 3336439 | O34: =L34='[1]6TotalEnr'!AA34 -> TRUE | P34: =M34='[1]6TotalEnr'!AB34 -> TRUE | Q34: =N34='[1]6TotalEnr'!AC34 -> TRUE
... A40: 36 | B40: West Bengal | C40: 200061 | D40: 171373 | E40: 371434 | F40: 784674 | G40: 901536 | H40: 1686210 | I40: 101448 | J40: 56444 | K40: 157892 | L40: =C40+F40+I40 -> 1086183 | M40: =D40+G40+J40 -> 1129353 | N40: =E40+H40+K40 -> 2215536 | O40: =L40='[1]6TotalEnr'!AA40 -> TRUE | P40: =M40='[1]6TotalEnr'!AB40 -> TRUE | Q40: =N40='[1]6TotalEnr'!AC40 -> TRUE
A41: All India | C41: =SUM(C5:C40) -> 5105644 | D41: =SUM(D5:D40) -> 3978451 | E41: =SUM(E5:E40) -> 9084095 | F41: 14474041 | G41: 15066351 | H41: 29540392 | I41: =SUM(I5:I40) -> 1426260 | J41: =SUM(J5:J40) -> 840256 | K41: =SUM(K5:K40) -> 2266516 | L41: =SUM(L5:L40) -> 21237910 | M41: =SUM(M5:M40) -> 20142803 | N41: =SUM(N5:N40) -> 41380713 | O41: =L41='[1]6TotalEnr'!AA41 -> TRUE | P41: =M41='[1]6TotalEnr'!AB41 -> TRUE | Q41: =N41='[1]6TotalEnr'!AC41 -> TRUE

Sheet 11Programme
A1: Table 11. | C1: Programme-wise Enrolment (Based on Actual Response) | I1: =C1 -> Programme-wise Enrolment (Based on Actual Response) | O1: =I1 -> Programme-wise Enrolment (Based on Actual Response)
A2: Sl. No. | B2: Programme | C2: All Categories | F2: Scheduled Caste | I2: Scheduled Tribe | L2: Other Backward Class | O2: Persons with Disability | R2: Muslim | U2: Other Minority Communities | X2: EWS
C3: Male | D3: Female | E3: Total | F3: Male | G3: Female | H3: Total | I3: Male | J3: Female | K3: Total | L3: Male | M3: Female | N3: Total | O3: Male | P3: Female | Q3: Total | R3: Male | S3: Female | T3: Total | U3: Male | V3: Female | W3: Total | X3: Male | Y3: Female | Z3: Total
A4: 1 | B4: 2 | C4: 3 | D4: 4 | E4: 5 | F4: 6 | G4: 7 | H4: 8 | I4: 9 | J4: 10 | K4: 11 | L4: 12 | M4: 13 | N4: 14 | O4: 15 | P4: 16 | Q4: 17 | R4: 18 | S4: 19 | T4: 20 | U4: 21 | V4: 22 | W4: 23 | X4: 24 | Y4: 25 | Z4: 26
A5: 1 | B5: Ph.D.-Doctor of Philosophy | C5: 111649 | D5: 92104 | E5: 203753 | F5: 10338 | G5: 6777 | H5: 17115 | I5: 3792 | J5: 2975 | K5: 6767 | L5: 24100 | M5: 19243 | N5: 43343 | O5: 383 | P5: 145 | Q5: 528 | R5: 3987 | S5: 3247 | T5: 7234 | U5: 3940 | V5: 5457 | W5: 9397 | X5: 1828 | Y5: 1441 | Z5: 3269
A6: 2 | B6: D.M.-Doctor of Medicine | C6: 697 | D6: 307 | E6: 1004 | F6: 7 | G6: 21 | H6: 28 | I6: 1 | J6: 2 | K6: 3 | L6: 53 | M6: 58 | N6: 111 | O6: 1 | P6: 1 | Q6: 2 | R6: 22 | S6: 2 | T6: 24 | U6: 24 | V6: 8 | W6: 32 | X6: 1 | Y6: 0 | Z6: 1
A7: 3 | B7: M.Ch.-Master of Chirurgiae | C7: 485 | D7: 97 | E7: 582 | F7: 11 | G7: 0 | H7: 11 | I7: 1 | J7: 1 | K7: 2 | L7: 45 | M7: 13 | N7: 58 | O7: 0 | P7: 0 | Q7: 0 | R7: 7 | S7: 3 | T7: 10 | U7: 14 | V7: 4 | W7: 18 | X7: 0 | Y7: 0 | Z7: 0
A8: 4 | B8: Ayurveda Vachaspati-Ph.D in Ayurveda | C8: 286 | D8: 278 | E8: 564 | F8: 21 | G8: 32 | H8: 53 | I8: 18 | J8: 16 | K8: 34 | L8: 67 | M8: 39 | N8: 106 | O8: 0 | P8: 0 | Q8: 0 | R8: 0 | S8: 0 | T8: 0 | U8: 0 | V8: 0 | W8: 0 | X8: 2 | Y8: 3 | Z8: 5
A9: 5 | B9: Vidya Varidhi-Vidya Varidhi | C9: 345 | D9: 143 | E9: 488 | F9: 46 | G9: 19 | H9: 65 | I9: 3 | J9: 5 | K9: 8 | L9: 57 | M9: 42 | N9: 99 | O9: 0 | P9: 0 | Q9: 0 | R9: 0 | S9: 0 | T9: 0 | U9: 0 | V9: 0 | W9: 0 | X9: 27 | Y9: 13 | Z9: 40
A10: 6 | B10: D.Sc.-Doctor of Science | C10: 377 | D10: 97 | E10: 474 | F10: 6 | G10: 8 | H10: 14 | I10: 1 | J10: 1 | K10: 2 | L10: 7 | M10: 26 | N10: 33 | O10: 0 | P10: 0 | Q10: 0 | R10: 0 | S10: 0 | T10: 0 | U10: 0 | V10: 0 | W10: 0 | X10: 0 | Y10: 0 | Z10: 0
A11: 7 | B11: D.Phil.-Doctor of Philosophy | C11: 184 | D11: 226 | E11: 410 | F11: 21 | G11: 19 | H11: 40 | I11: 6 | J11: 7 | K11: 13 | L11: 27 | M11: 75 | N11: 102 | O11: 0 | P11: 0 | Q11: 0 | R11: 3 | S11: 4 | T11: 7 | U11: 2 | V11: 6 | W11: 8 | X11: 6 | Y11: 4 | Z11: 10
A12: 8 | B12: L.L.D.-Doctor of Laws | C12: 122 | D12: 140 | E12: 262 | F12: 13 | G12: 22 | H12: 35 | I12: 1 | J12: 1 | K12: 2 | L12: 29 | M12: 43 | N12: 72 | O12: 1 | P12: 0 | Q12: 1 | R12: 7 | S12: 19 | T12: 26 | U12: 4 | V12: 1 | W12: 5 | X12: 0 | Y12: 0 | Z12: 0
A13: 9 | B13: D.Litt.-Doctor of Literature | C13: 16 | D13: 14 | E13: 30 | F13: 0 | G13: 1 | H13: 1 | I13: 0 | J13: 1 | K13: 1 | L13: 0 | M13: 0 | N13: 0 | O13: 0 | P13: 0 | Q13: 0 | R13: 0 | S13: 0 | T13: 0 | U13: 0 | V13: 0 | W13: 0 | X13: 0 | Y13: 0 | Z13: 0
A14: 10 | B14: M.Phil.-Master of Philosophy | C14: 6313 | D14: 10356 | E14: 16669 | F14: 1115 | G14: 1453 | H14: 2568 | I14: 353 | J14: 384 | K14: 737 | L14: 1781 | M14: 3949 | N14: 5730 | O14: 41 | P14: 18 | Q14: 59 | R14: 310 | S14: 378 | T14: 688 | U14: 365 | V14: 649 | W14: 1014 | X14: 109 | Y14: 80 | Z14: 189
A15: 11 | B15: Anu Parangat -Anu Parangat | C15: 0 | D15: 1 | E15: 1 | F15: 0 | G15: 1 | H15: 1 | I15: 0 | J15: 0 | K15: 0 | L15: 0 | M15: 0 | N15: 0 | O15: 0 | P15: 0 | Q15: 0 | R15: 0 | S15: 0 | T15: 0 | U15: 0 | V15: 0 | W15: 0 | X15: 0 | Y15: 0 | Z15: 0
A16: 12 | B16: M.A.-Master of Arts | C16: 692518 | D16: 1042225 | E16: 1734743 | F16: 110630 | G16: 151487 | H16: 262117 | I16: 57006 | J16: 77449 | K16: 134455 | L16: 221779 | M16: 332605 | N16: 554384 | O16: 3140 | P16: 2027 | Q16: 5167 | R16: 25532 | S16: 41241 | T16: 66773 | U16: 9437 | V16: 18251 | W16: 27688 | X16: 8705 | Y16: 15693 | Z16: 24398
... A218: 214 | B218: B.Com. B.Ed.-Bachelor of Commerce, Bachelor of Education | C218: 3 | D218: 54 | E218: 57 | F218: 0 | G218: 1 | H218: 1 | I218: 0 | J218: 0 | K218: 0 | L218: 0 | M218: 4 | N218: 4 | O218: 0 | P218: 0 | Q218: 0 | R218: 0 | S218: 0 | T218: 0 | U218: 0 | V218: 0 | W218: 0 | X218: 0 | Y218: 0 | Z218: 0
A219: AII India | C219: 20322341 | D219: 19141843 | E219: 39464184 | F219: 2863044 | G219: 2732678 | H219: 5595722 | I219: 1138963 | J219: 1143105 | K219: 2282068 | L219: 7190458 | M219: 6868558 | N219: 14059016 | O219: 46267 | P219: 28094 | Q219: 74361 | R219: 917960 | S219: 919200 | T219: 1837160 | U219: 371982 | V219: 433187 | W219: 805169 | X219: 244250 | Y219: 223526 | Z219: 467776

Sheet 11aProgrammeDistance 
A1: Table 11(a). | C1: Programme-wise Enrolment - Distance Mode (Based on Actual Response) | I1: =C1 -> Programme-wise Enrolment - Distance Mode (Based on Actual Response) | R1: Programme-wise Enrolment - Distance Mode (Based on actual Response)
A2: Sl. No. | B2: Programme | C2: All Categories | F2: Scheduled Caste | I2: Scheduled Tribe | L2: Other Backward Class | O2: Persons with Disability | R2: Muslim | U2: Other Minority Communities | X2: EWS
C3: Male | D3: Female | E3: Total | F3: Male | G3: Female | H3: Total | I3: Male | J3: Female | K3: Total | L3: Male | M3: Female | N3: Total | O3: Male | P3: Female | Q3: Total | R3: Male | S3: Female | T3: Total | U3: Male | V3: Female | W3: Total | X3: Male | Y3: Female | Z3: Total
A4: 1 | B4: 2 | C4: 3 | D4: 4 | E4: 5 | F4: 6 | G4: 7 | H4: 8 | I4: 9 | J4: 10 | K4: 11 | L4: 12 | M4: 13 | N4: 14 | O4: 15 | P4: 16 | Q4: 17 | R4: 18 | S4: 19 | T4: 20 | U4: 21 | V4: 22 | W4: 23 | X4: 24 | Y4: 25 | Z4: 26
A5: 1 | B5: Ph.D.-Doctor of Philosophy | C5: 8 | D5: 2 | E5: 10 | F5: 0 | G5: 0 | H5: 0 | I5: 0 | J5: 1 | K5: 1 | L5: 0 | M5: 1 | N5: 1 | O5: 0 | P5: 0 | Q5: 0 | R5: 0 | S5: 0 | T5: 0 | U5: 0 | V5: 0 | W5: 0 | X5: 0 | Y5: 0 | Z5: 0
A6: 2 | B6: M.A.-Master of Arts | C6: 319107 | D6: 401074 | E6: 720181 | F6: 41382 | G6: 46771 | H6: 88153 | I6: 19134 | J6: 21254 | K6: 40388 | L6: 95780 | M6: 103210 | N6: 198990 | O6: 1650 | P6: 1029 | Q6: 2679 | R6: 11089 | S6: 12872 | T6: 23961 | U6: 2777 | V6: 3395 | W6: 6172 | X6: 4011 | Y6: 9678 | Z6: 13689
A7: 3 | B7: M.Com.-Master of Commerce | C7: 68054 | D7: 155177 | E7: 223231 | F7: 5000 | G7: 7137 | H7: 12137 | I7: 1537 | J7: 1797 | K7: 3334 | L7: 16461 | M7: 23761 | N7: 40222 | O7: 107 | P7: 64 | Q7: 171 | R7: 814 | S7: 692 | T7: 1506 | U7: 674 | V7: 739 | W7: 1413 | X7: 377 | Y7: 4240 | Z7: 4617
A8: 4 | B8: M.B.A.- Master of Business Administration | C8: 72532 | D8: 58199 | E8: 130731 | F8: 5980 | G8: 4282 | H8: 10262 | I8: 1246 | J8: 998 | K8: 2244 | L8: 24659 | M8: 16543 | N8: 41202 | O8: 55 | P8: 10 | Q8: 65 | R8: 2302 | S8: 1366 | T8: 3668 | U8: 1611 | V8: 932 | W8: 2543 | X8: 216 | Y8: 960 | Z8: 1176
A9: 5 | B9: M.Sc.-Master of Science | C9: 47617 | D9: 52331 | E9: 99948 | F9: 5819 | G9: 5576 | H9: 11395 | I9: 2541 | J9: 1774 | K9: 4315 | L9: 17835 | M9: 20987 | N9: 38822 | O9: 180 | P9: 101 | Q9: 281 | R9: 1374 | S9: 1184 | T9: 2558 | U9: 737 | V9: 785 | W9: 1522 | X9: 112 | Y9: 1289 | Z9: 1401
A10: 6 | B10: M.C.A. -Master of Computer Applications | C10: 16851 | D10: 11996 | E10: 28847 | F10: 1004 | G10: 654 | H10: 1658 | I10: 249 | J10: 225 | K10: 474 | L10: 3501 | M10: 2888 | N10: 6389 | O10: 5 | P10: 1 | Q10: 6 | R10: 213 | S10: 48 | T10: 261 | U10: 53 | V10: 46 | W10: 99 | X10: 171 | Y10: 70 | Z10: 241
A11: 7 | B11: M.S.W.-Master of Social Work | C11: 6651 | D11: 9101 | E11: 15752 | F11: 927 | G11: 1191 | H11: 2118 | I11: 753 | J11: 859 | K11: 1612 | L11: 1757 | M11: 2031 | N11: 3788 | O11: 21 | P11: 22 | Q11: 43 | R11: 52 | S11: 54 | T11: 106 | U11: 79 | V11: 70 | W11: 149 | X11: 48 | Y11: 51 | Z11: 99
A12: 8 | B12: M.Mgt.-Master of Management | C12: 9081 | D12: 4671 | E12: 13752 | F12: 790 | G12: 364 | H12: 1154 | I12: 148 | J12: 87 | K12: 235 | L12: 1882 | M12: 982 | N12: 2864 | O12: 0 | P12: 0 | Q12: 0 | R12: 0 | S12: 0 | T12: 0 | U12: 0 | V12: 0 | W12: 0 | X12: 0 | Y12: 1 | Z12: 1
A13: 9 | B13: M.B.A.(Tech.)-Master of Business Administration in Technology | C13: 3478 | D13: 3732 | E13: 7210 | F13: 410 | G13: 527 | H13: 937 | I13: 7 | J13: 11 | K13: 18 | L13: 1217 | M13: 1523 | N13: 2740 | O13: 6 | P13: 4 | Q13: 10 | R13: 296 | S13: 46 | T13: 342 | U13: 389 | V13: 131 | W13: 520 | X13: 0 | Y13: 0 | Z13: 0
A14: 10 | B14: Master of Travel & Tourism Management (MTTM) | C14: 3881 | D14: 2098 | E14: 5979 | F14: 400 | G14: 214 | H14: 614 | I14: 132 | J14: 136 | K14: 268 | L14: 1040 | M14: 564 | N14: 1604 | O14: 5 | P14: 0 | Q14: 5 | R14: 9 | S14: 2 | T14: 11 | U14: 8 | V14: 1 | W14: 9 | X14: 28 | Y14: 8 | Z14: 36
A15: 11 | B15: Management HRM | C15: 1441 | D15: 2261 | E15: 3702 | F15: 152 | G15: 225 | H15: 377 | I15: 13 | J15: 16 | K15: 29 | L15: 946 | M15: 1365 | N15: 2311 | O15: 0 | P15: 0 | Q15: 0 | R15: 0 | S15: 0 | T15: 0 | U15: 0 | V15: 0 | W15: 0 | X15: 0 | Y15: 0 | Z15: 0
A16: 12 | B16: L.L.M.-Master of Law or Laws | C16: 2068 | D16: 1552 | E16: 3620 | F16: 296 | G16: 157 | H16: 453 | I16: 6 | J16: 7 | K16: 13 | L16: 413 | M16: 326 | N16: 739 | O16: 8 | P16: 4 | Q16: 12 | R16: 11 | S16: 2 | T16: 13 | U16: 22 | V16: 4 | W16: 26 | X16: 7 | Y16: 6 | Z16: 13
... A74: 70 | B74: Integrated M.C.A.-Integrated Master of Computer Applications | C74: 72 | D74: 36 | E74: 108 | F74: 1 | G74: 0 | H74: 1 | I74: 0 | J74: 0 | K74: 0 | L74: 19 | M74: 8 | N74: 27 | O74: 0 | P74: 0 | Q74: 0 | R74: 0 | S74: 0 | T74: 0 | U74: 0 | V74: 0 | W74: 0 | X74: 0 | Y74: 0 | Z74: 0
A75: All India | C75: 2478700 | D75: 2092847 | E75: 4571547 | F75: 314745 | G75: 239447 | H75: 554192 | I75: 127792 | J75: 104541 | K75: 232333 | L75: 753127 | M75: 611102 | N75: 1364229 | O75: 7468 | P75: 4346 | Q75: 11814 | R75: 53465 | S75: 49372 | T75: 102837 | U75: 16669 | V75: 12947 | W75: 29616 | X75: 11683 | Y75: 26076 | Z75: 37759

Sheet 12UGDisc 
A1: Table 12. Enrolment at Under Graduate Level in Major Disciplines/ Subjects (Based on Actual Response)
A2: Discipline | C2: Male | D2: Female | E2: Total
A3: 1 | B3: 2 | C3: 3 | D3: 4 | E3: 5
A4: Arts | C4: 4988246 | D4: 5417424 | E4: 10405670
A5: Science | C5: 2312602 | D5: 2505224 | E5: 4817826 | F5: =E5+E24 -> 4819249
A6: Commerce | C6: 2227036 | D6: 2096418 | E6: 4323454
A7: Engineering & Technology | B7: Computer Engineering | C7: 691486 | D7: 390195 | E7: 1081681
B8: Mechanical Engineering | C8: 555592 | D8: 39813 | E8: 595405
B9: Electronics Engineering | C9: 351426 | D9: 236385 | E9: 587811
B10: Civil Engineering | C10: 344841 | D10: 102944 | E10: 447785
B11: Electrical Engineering | C11: 259736 | D11: 94950 | E11: 354686
B12: Information Technology | C12: 141606 | D12: 63036 | E12: 204642
B13: Other Engineering & Technology | C13: 127537 | D13: 58304 | E13: 185841
B14: Architecture | C14: 37020 | D14: 41662 | E14: 78682
B15: Chemical Engineering | C15: 41292 | D15: 13590 | E15: 54882
B16: Agriculture Engineering | C16: 14357 | D16: 7814 | E16: 22171
B17: Aeronautical Engineering | C17: 14913 | D17: 5117 | E17: 20030
B18: Food Technology | C18: 9231 | D18: 7961 | E18: 17192
B19: Metallurgical Engineering | C19: 7861 | D19: 2530 | E19: 10391
... B26: Urban Planning | C26: 34 | D26: 22 | E26: 56
A27: Engineering & Technology Total | C27: 2617155 | D27: 1069136 | E27: 3686291
A28: Education | C28: 608888 | D28: 1040305 | E28: 1649193
A29: Medical Science | B29: Nursing | C29: 89923 | D29: 286411 | E29: 376334
B30: Pharmacy | C30: 220210 | D30: 147827 | E30: 368037
B31: General Medicine | C31: 92771 | D31: 92376 | E31: 185147
B32: Medical Science | C32: 73823 | D32: 98237 | E32: 172060
B33: Dentistry | C33: 25735 | D33: 70475 | E33: 96210
B34: Ayurveda | C34: 38252 | D34: 50795 | E34: 89047
B35: Physiotherapy | C35: 30158 | D35: 57200 | E35: 87358
B36: Homeopathy | C36: 22032 | D36: 35912 | E36: 57944
B37: Other Medical Science | C37: 13342 | D37: 16610 | E37: 29952
B38: Indian Medicine | C38: 8334 | D38: 10007 | E38: 18341
B39: Unani | C39: 3189 | D39: 4190 | E39: 7379
B40: Ophthalmology | C40: 2354 | D40: 4172 | E40: 6526
B41: Bio-Technology | C41: 2000 | D41: 3617 | E41: 5617
... B50: ENT | C50: 251 | D50: 360 | E50: 611
A51: Medical Science | B51: Physiology | C51: 228 | D51: 369 | E51: 597
B52: Anatomy | C52: 190 | D52: 261 | E52: 451
B53: Gynaecology | C53: 153 | D53: 183 | E53: 336
B54: Pediatrics | C54: 153 | D54: 183 | E54: 336
B55: Public Health | C55: 163 | D55: 172 | E55: 335
B56: Forensic Medicine/ Toxicology | C56: 144 | D56: 166 | E56: 310
B57: Haematology | C57: 244 | D57: 44 | E57: 288
B58: Anesthesiology | C58: 87 | D58: 151 | E58: 238
B59: Psychiatry | C59: 33 | D59: 158 | E59: 191
B60: Cardiology | C60: 60 | D60: 102 | E60: 162
B61: Bio-Physics | C61: 35 | D61: 65 | E61: 100
B62: Nephrology | C62: 43 | D62: 56 | E62: 99
B63: Nuclear Medicine | C63: 45 | D63: 49 | E63: 94
... B67: Radiothrapy | C67: 19 | D67: 9 | E67: 28
A68: Medical Science Total | C68: 632069 | D68: 894178 | E68: 1526247
A69: Social Science | C69: 548423 | D69: 557689 | E69: 1106112
A70: IT & Computer | C70: 533445 | D70: 344492 | E70: 877937
A71: Management | C71: 516273 | D71: 298594 | E71: 814867
A72: Law | C72: 316115 | D72: 161897 | E72: 478012
A73: Indian Language | C73: 109159 | D73: 193950 | E73: 303109
A74: Agriculture | C74: 203536 | D74: 86860 | E74: 290396
A75: Foreign Language | C75: 74198 | D75: 92992 | E75: 167190
A76: Home Science | C76: 7053 | D76: 67089 | E76: 74142
A77: Physical Education | C77: 44907 | D77: 19190 | E77: 64097
A78: Oriental Learning | C78: 35811 | D78: 25476 | E78: 61287
A79: Library & Information Science | C79: 29061 | D79: 21257 | E79: 50318
... A99: Grand Total | C99: 15969571 | D99: 15077414 | E99: 31046985

Sheet 13PGDisc
A1: Table 13. Enrolment at Ph.D., M.Phil. & Post Graduate Level in Major Disciplines/ Subjects (Based on Actual Response)
A2: Discipline | C2: Ph.D. | F2: M.Phil. | I2: Post Graduate
C3: Male | D3: Female | E3: Total | F3: Male | G3: Female | H3: Total | I3: Male | J3: Female | K3: Total
A4: 1 | B4: 2 | C4: 3 | D4: 4 | E4: 5 | F4: 6 | G4: 7 | H4: 8 | I4: 9 | J4: 10 | K4: 11
A5: Agriculture | B5: Agriculture | C5: 3246 | D5: 2456 | E5: 5702 | F5: 17 | G5: 3 | H5: 20 | I5: 17198 | J5: 9527 | K5: 26725
B6: Horticulture | C6: 337 | D6: 368 | E6: 705 | F6: 8 | G6: 0 | H6: 8 | I6: 3104 | J6: 1842 | K6: 4946
B7: Forestry | C7: 188 | D7: 132 | E7: 320 | F7: 1 | G7: 0 | H7: 1 | I7: 450 | J7: 352 | K7: 802
B8: Sericulture | C8: 9 | D8: 15 | E8: 24 | I8: 33 | J8: 64 | K8: 97
A9: Agriculture Total | C9: 3780 | D9: 2971 | E9: 6751 | F9: 26 | G9: 3 | H9: 29 | I9: 20785 | J9: 11785 | K9: 32570
A10: Area Studies | C10: 1954 | D10: 2030 | E10: 3984 | F10: 394 | G10: 405 | H10: 799 | I10: 45401 | J10: 66174 | K10: 111575
A11: Commerce | B11: Commerce | C11: 2711 | D11: 3762 | E11: 6473 | F11: 359 | G11: 586 | H11: 945 | I11: 179784 | J11: 356415 | K11: 536199
B12: Foreign Trade | C12: 3 | D12: 0 | E12: 3 | F12: 0 | G12: 0 | H12: 0 | I12: 29 | J12: 332 | K12: 361
A13: Commerce Total | C13: 2714 | D13: 3762 | E13: 6476 | F13: 359 | G13: 586 | H13: 945 | I13: 179813 | J13: 356747 | K13: 536560
A14: Criminology & Forensic Science | C14: 40 | D14: 27 | E14: 67 | F14: 0 | G14: 1 | H14: 1 | I14: 819 | J14: 828 | K14: 1647
A15: Cultural Studies | C15: 237 | D15: 259 | E15: 496 | F15: 70 | G15: 62 | H15: 132 | I15: 5041 | J15: 8482 | K15: 13523
A16: Defence Studies | C16: 60 | D16: 3 | E16: 63 | F16: 135 | G16: 3 | H16: 138 | I16: 1108 | J16: 519 | K16: 1627
A17: Design | B17: Design | C17: 248 | D17: 161 | E17: 409 | F17: 0 | G17: 0 | H17: 0 | I17: 1635 | J17: 2031 | K17: 3666
B18: Interior Design | I18: 358 | J18: 626 | K18: 984
B19: Fashion and Apparel Design | C19: 0 | D19: 3 | E19: 3 | F19: 2 | G19: 0 | H19: 2 | I19: 147 | J19: 157 | K19: 304
B20: Communication Design | I20: 1 | J20: 1 | K20: 2
B21: Architecture & Regional Planning | C21: 12 | D21: 19 | E21: 31
A22: Design Total | C22: 260 | D22: 183 | E22: 443 | F22: 2 | G22: 0 | H22: 2 | I22: 2141 | J22: 2815 | K22: 4956
A23: Disability Studies_x000D_ | C23: 2 | D23: 2 | E23: 4 | F23: 6 | G23: 18 | H23: 24 | I23: 134 | J23: 170 | K23: 304
A24: Education | C24: 2538 | D24: 3233 | E24: 5771 | F24: 275 | G24: 327 | H24: 602 | I24: 73367 | J24: 133027 | K24: 206394
A25: Engineering & Technology | B25: Civil Engineering | C25: 3808 | D25: 1385 | E25: 5193 | I25: 26102 | J25: 10210 | K25: 36312
B26: Computer Engineering | C26: 4394 | D26: 3204 | E26: 7598 | I26: 15261 | J26: 14072 | K26: 29333
B27: Mechanical Engineering | C27: 6685 | D27: 676 | E27: 7361 | I27: 23281 | J27: 2841 | K27: 26122
B28: Electronics Engineering | C28: 3411 | D28: 2223 | E28: 5634 | I28: 11462 | J28: 10793 | K28: 22255
B29: Other Engineering & Technology | C29: 9183 | D29: 6088 | E29: 15271 | F29: 9 | G29: 9 | H29: 18 | I29: 14202 | J29: 6424 | K29: 20626
B30: Electrical Engineering | C30: 3974 | D30: 1454 | E30: 5428 | F30: 0 | G30: 0 | H30: 0 | I30: 12649 | J30: 5866 | K30: 18515
B31: Information Technology | C31: 2657 | D31: 2191 | E31: 4848 | I31: 5815 | J31: 2801 | K31: 8616
B32: Architecture | C32: 210 | D32: 229 | E32: 439 | I32: 1559 | J32: 2228 | K32: 3787
B33: Chemical Engineering | C33: 1139 | D33: 637 | E33: 1776 | I33: 2176 | J33: 1012 | K33: 3188
B34: Metallurgical Engineering | C34: 834 | D34: 229 | E34: 1063 | I34: 1312 | J34: 267 | K34: 1579
B35: Planning | C35: 11 | D35: 12 | E35: 23 | I35: 727 | J35: 826 | K35: 1553
B36: Agriculture Engineering | C36: 213 | D36: 125 | E36: 338 | I36: 950 | J36: 507 | K36: 1457
B37: Food Technology | C37: 110 | D37: 181 | E37: 291 | I37: 568 | J37: 825 | K37: 1393
B38: Aeronautical Engineering | C38: 494 | D38: 76 | E38: 570 | I38: 721 | J38: 138 | K38: 859
B39: Mining Engineering | C39: 293 | D39: 25 | E39: 318 | I39: 465 | J39: 45 | K39: 510
B40: Urban Planning | I40: 195 | J40: 204 | K40: 399
B41: Marine Engineering | C41: 132 | D41: 47 | E41: 179 | I41: 207 | J41: 49 | K41: 256
B42: Dairy Technology | C42: 15 | D42: 9 | E42: 24 | I42: 148 | J42: 53 | K42: 201
B43: Instrumentation Engineering | C43: 60 | D43: 44 | E43: 104 | I43: 74 | J43: 67 | K43: 141
B44: Transportation Planning | C44: 2 | D44: 0 | E44: 2 | I44: 94 | J44: 35 | K44: 129
B45: Automotive Studies | C45: 125 | D45: 40 | E45: 165 | I45: 44 | J45: 4 | K45: 48
A46: Engineering & Technology Total | C46: 37750 | D46: 18875 | E46: 56625 | F46: 9 | G46: 9 | H46: 18 | I46: 118012 | J46: 59267 | K46: 177279
A47: Fashion Technology | C47: 37 | D47: 44 | E47: 81 | F47: 0 | G47: 7 | H47: 7 | I47: 311 | J47: 1669 | K47: 1980
A48: Fine Arts | B48: Fine Arts | C48: 132 | D48: 193 | E48: 325 | F48: 23 | G48: 36 | H48: 59 | I48: 1553 | J48: 1737 | K48: 3290
B49: Music | C49: 89 | D49: 84 | E49: 173 | F49: 16 | G49: 2 | H49: 18 | I49: 1220 | J49: 1523 | K49: 2743
B50: Performing Arts | C50: 45 | D50: 73 | E50: 118 | F50: 58 | G50: 6 | H50: 64 | I50: 612 | J50: 950 | K50: 1562
B51: Visual Arts | C51: 43 | D51: 41 | E51: 84 | F51: 9 | G51: 13 | H51: 22 | I51: 783 | J51: 585 | K51: 1368
B52: Baudh Scultpure | I52: 21 | J52: 11 | K52: 32
B53: Scroll/ Fresco Paintings | I53: 14 | J53: 17 | K53: 31
A54: Fine Arts Total | C54: 309 | D54: 391 | E54: 700 | F54: 106 | G54: 57 | H54: 163 | I54: 4203 | J54: 4823 | K54: 9026
A55: Fisheries Science | C55: 160 | D55: 115 | E55: 275 | I55: 872 | J55: 709 | K55: 1581
A56: Footwear Design | B56: Retail & Fashion Merchandize | I56: 17 | J56: 15 | K56: 32
B57: Footwear Design & Production | I57: 9 | J57: 10 | K57: 19
A58: Footwear Design Total | I58: 26 | J58: 25 | K58: 51
A59: Foreign Language | B59: English | C59: 1583 | D59: 2803 | E59: 4386 | F59: 368 | G59: 1316 | H59: 1684 | I59: 73047 | J59: 141880 | K59: 214927
B60: Other Foreign Languages | C60: 447 | D60: 161 | E60: 608 | F60: 66 | G60: 39 | H60: 105 | I60: 3959 | J60: 2804 | K60: 6763
B61: French | C61: 15 | D61: 17 | E61: 32 | F61: 0 | G61: 0 | H61: 0 | I61: 174 | J61: 351 | K61: 525
B62: German | C62: 22 | D62: 22 | E62: 44 | F62: 40 | G62: 30 | H62: 70 | I62: 78 | J62: 119 | K62: 197
B63: Spanish | C63: 9 | D63: 11 | E63: 20 | I63: 23 | J63: 28 | K63: 51
A64: Foreign Language Total | C64: 2076 | D64: 3014 | E64: 5090 | F64: 474 | G64: 1385 | H64: 1859 | I64: 77281 | J64: 145182 | K64: 222463
A65: Gandhian Studies | C65: 57 | D65: 23 | E65: 80 | F65: 6 | G65: 7 | H65: 13 | I65: 732 | J65: 630 | K65: 1362
A66: Home Science | B66: Home Science | C66: 38 | D66: 830 | E66: 868 | F66: 1 | G66: 23 | H66: 24 | I66: 642 | J66: 9321 | K66: 9963
B67: Nutrition | C67: 23 | D67: 112 | E67: 135 | F67: 1 | G67: 1 | H67: 2 | I67: 257 | J67: 2910 | K67: 3167
A68: Home Science Total | C68: 61 | D68: 942 | E68: 1003 | F68: 2 | G68: 24 | H68: 26 | I68: 899 | J68: 12231 | K68: 13130
A69: Hospitality and Tourism | B69: Hospitality Administration | I69: 106 | J69: 71 | K69: 177
B70: Hospitality and Hotel Administration | I70: 91 | J70: 68 | K70: 159
B71: Hospitality | I71: 25 | J71: 29 | K71: 54
B72: Culinary Art | I72: 6 | J72: 26 | K72: 32
B73: Food Production | I73: 3 | J73: 1 | K73: 4
A74: Hospitality and Tourism Total | I74: 231 | J74: 195 | K74: 426
A75: Indian Language | B75: Hindi | C75: 1412 | D75: 1418 | E75: 2830 | F75: 159 | G75: 362 | H75: 521 | I75: 52819 | J75: 95255 | K75: 148074
B76: Other Indian Languages | C76: 539 | D76: 522 | E76: 1061 | F76: 78 | G76: 109 | H76: 187 | I76: 14707 | J76: 25353 | K76: 40060
B77: Bengali | C77: 317 | D77: 237 | E77: 554 | F77: 134 | G77: 109 | H77: 243 | I77: 8313 | J77: 25656 | K77: 33969
B78: Sanskrit | C78: 694 | D78: 535 | E78: 1229 | F78: 146 | G78: 157 | H78: 303 | I78: 10205 | J78: 19599 | K78: 29804
B79: Urdu | C79: 581 | D79: 235 | E79: 816 | F79: 47 | G79: 40 | H79: 87 | I79: 7666 | J79: 11535 | K79: 19201
B80: Tamil | C80: 733 | D80: 594 | E80: 1327 | F80: 147 | G80: 544 | H80: 691 | I80: 4157 | J80: 9288 | K80: 13445
B81: Telugu | C81: 299 | D81: 133 | E81: 432 | F81: 14 | G81: 12 | H81: 26 | I81: 3730 | J81: 5865 | K81: 9595
B82: Kannada | C82: 214 | D82: 142 | E82: 356 | F82: 1 | G82: 1 | H82: 2 | I82: 3442 | J82: 5705 | K82: 9147
B83: Odiya | C83: 22 | D83: 30 | E83: 52 | F83: 45 | G83: 28 | H83: 73 | I83: 2106 | J83: 4077 | K83: 6183
B84: Punjabi | C84: 320 | D84: 293 | E84: 613 | F84: 41 | G84: 53 | H84: 94 | I84: 1834 | J84: 3982 | K84: 5816
B85: Malayalam | C85: 99 | D85: 250 | E85: 349 | F85: 20 | G85: 33 | H85: 53 | I85: 955 | J85: 3581 | K85: 4536
B86: Pali | C86: 0 | D86: 3 | E86: 3 | I86: 200 | J86: 146 | K86: 346
A87: Indian Language Total | C87: 5230 | D87: 4392 | E87: 9622 | F87: 832 | G87: 1448 | H87: 2280 | I87: 110134 | J87: 210042 | K87: 320176
A88: IT & Computer | B88: Computer Application | C88: 590 | D88: 518 | E88: 1108 | F88: 20 | G88: 19 | H88: 39 | I88: 82229 | J88: 63194 | K88: 145423
B89: Computer Science | C89: 1158 | D89: 1529 | E89: 2687 | F89: 80 | G89: 226 | H89: 306 | I89: 16677 | J89: 22830 | K89: 39507
B90: Information Technology | C90: 119 | D90: 104 | E90: 223 | F90: 2 | G90: 0 | H90: 2 | I90: 5692 | J90: 5582 | K90: 11274
B91: IT & Computing | C91: 5 | D91: 7 | E91: 12 | F91: 0 | G91: 1 | H91: 1 | I91: 1742 | J91: 1934 | K91: 3676
B92: Graphics | I92: 130 | J92: 262 | K92: 392
B93: Animation | I93: 84 | J93: 69 | K93: 153
B94: Multi Media | I94: 38 | J94: 28 | K94: 66
A95: IT & Computer Total | C95: 1872 | D95: 2158 | E95: 4030 | F95: 102 | G95: 246 | H95: 348 | I95: 106592 | J95: 93899 | K95: 200491
A96: Journalism & Mass Communication | B96: Journalism & Mass Communication | C96: 591 | D96: 476 | E96: 1067 | F96: 65 | G96: 48 | H96: 113 | I96: 10577 | J96: 9902 | K96: 20479
B97: Mass Communication and Media Technology | C97: 24 | D97: 31 | E97: 55 | F97: 5 | G97: 8 | H97: 13 | I97: 440 | J97: 452 | K97: 892
A98: Journalism & Mass Communication Total | C98: 615 | D98: 507 | E98: 1122 | F98: 70 | G98: 56 | H98: 126 | I98: 11017 | J98: 10354 | K98: 21371
A99: Law | B99: Law | C99: 1755 | D99: 1678 | E99: 3433 | F99: 11 | G99: 4 | H99: 15 | I99: 20671 | J99: 16320 | K99: 36991
B100: Constitutional Law | I100: 721 | J100: 473 | K100: 1194
...

Sheet 14-15TotalEnrCategory
B1: Table | C1: 14. State-wise Estimated Enrolment for different Social Groups | O1: 15. State-wise Estimated Enrolmen in PWD and Minority Communities
A2: Sl No | B2: State | C2: All Categories | F2: Scheduled Caste | I2: Scheduled Tribe | L2: Other Backward Class | O2: Persons with Disability | R2: Muslim | U2: Other Minority Communities | X2: EWS
C3: Male | D3: Female | E3: Total | F3: Male | G3: Female | H3: Total | I3: Male | J3: Female | K3: Total | L3: Male | M3: Female | N3: Total | O3: Male | P3: Female | Q3: Total | R3: Male | S3: Female | T3: Total | U3: Male | V3: Female | W3: Total | X3: Male | Y3: Female | Z3: Total
A4: 1 | B4: 2 | C4: 3 | D4: 4 | E4: 5 | F4: 6 | G4: 7 | H4: 8 | I4: 9 | J4: 10 | K4: 11 | L4: 12 | M4: 13 | N4: 14 | O4: 3 | P4: 4 | Q4: 5 | R4: 6 | S4: 7 | T4: 8 | U4: 9 | V4: 10 | W4: 11 | X4: 12 | Y4: 13 | Z4: 14
A5: 1 | B5: Andaman and Nicobar Islands | C5: 5534 | D5: 6431 | E5: 11965 | F5: 32 | G5: 15 | H5: 47 | I5: 186 | J5: 276 | K5: 462 | L5: 1581 | M5: 1888 | N5: 3469 | O5: 22 | P5: 34 | Q5: 56 | R5: 255 | S5: 363 | T5: 618 | U5: 401 | V5: 731 | W5: 1132 | X5: 51 | Y5: 37 | Z5: 88
A6: 2 | B6: Andhra Pradesh | C6: 1056065 | D6: 931553 | E6: 1987618 | F6: 171844 | G6: 160275 | H6: 332119 | I6: 48475 | J6: 44369 | K6: 92844 | L6: 463929 | M6: 386063 | N6: 849992 | O6: 1659 | P6: 957 | Q6: 2616 | R6: 28338 | S6: 23313 | T6: 51651 | U6: 5727 | V6: 4301 | W6: 10028 | X6: 15650 | Y6: 14068 | Z6: 29718
A7: 3 | B7: Arunachal Pradesh | C7: 31465 | D7: 28270 | E7: 59735 | F7: 670 | G7: 407 | H7: 1077 | I7: 20576 | J7: 21101 | K7: 41677 | L7: 1222 | M7: 845 | N7: 2067 | O7: 22 | P7: 10 | Q7: 32 | R7: 53 | S7: 40 | T7: 93 | U7: 1849 | V7: 1292 | W7: 3141 | X7: 111 | Y7: 74 | Z7: 185
A8: 4 | B8: Assam | C8: 341985 | D8: 355108 | E8: 697093 | F8: 27177 | G8: 26775 | H8: 53952 | I8: 59272 | J8: 63715 | K8: 122987 | L8: 84052 | M8: 91542 | N8: 175594 | O8: 644 | P8: 316 | Q8: 960 | R8: 44845 | S8: 43084 | T8: 87929 | U8: 6791 | V8: 6571 | W8: 13362 | X8: 8496 | Y8: 8916 | Z8: 17412
A9: 5 | B9: Bihar | C9: 1309402 | D9: 1051539 | E9: 2360941 | F9: 152405 | G9: 105205 | H9: 257610 | I9: 20577 | J9: 15421 | K9: 35998 | L9: 547653 | M9: 446029 | N9: 993682 | O9: 3410 | P9: 2236 | Q9: 5646 | R9: 78713 | S9: 75028 | T9: 153741 | U9: 1222 | V9: 1658 | W9: 2880 | X9: 16533 | Y9: 12612 | Z9: 29145
A10: 6 | B10: Chandigarh | C10: 54809 | D10: 55656 | E10: 110465 | F10: 9293 | G10: 7542 | H10: 16835 | I10: 1055 | J10: 968 | K10: 2023 | L10: 5261 | M10: 3541 | N10: 8802 | O10: 231 | P10: 86 | Q10: 317 | R10: 327 | S10: 376 | T10: 703 | U10: 2072 | V10: 3190 | W10: 5262 | X10: 832 | Y10: 631 | Z10: 1463
A11: 7 | B11: Chhattisgarh | C11: 302840 | D11: 350565 | E11: 653405 | F11: 41449 | G11: 44456 | H11: 85905 | I11: 57790 | J11: 81319 | K11: 139109 | L11: 133754 | M11: 151173 | N11: 284927 | O11: 344 | P11: 132 | Q11: 476 | R11: 2017 | S11: 2676 | T11: 4693 | U11: 1885 | V11: 3038 | W11: 4923 | X11: 1398 | Y11: 1143 | Z11: 2541
A12: 8 | B12: Delhi | C12: 564849 | D12: 541422 | E12: 1106271 | F12: 58208 | G12: 51061 | H12: 109269 | I12: 10597 | J12: 8934 | K12: 19531 | L12: 90936 | M12: 65976 | N12: 156912 | O12: 2984 | P12: 1442 | Q12: 4426 | R12: 11900 | S12: 9304 | T12: 21204 | U12: 4865 | V12: 6211 | W12: 11076 | X12: 14261 | Y12: 8932 | Z12: 23193
A13: 9 | B13: Goa | C13: 29404 | D13: 30881 | E13: 60285 | F13: 899 | G13: 674 | H13: 1573 | I13: 2088 | J13: 2756 | K13: 4844 | L13: 5615 | M13: 6104 | N13: 11719 | O13: 34 | P13: 13 | Q13: 47 | R13: 1378 | S13: 1520 | T13: 2898 | U13: 3630 | V13: 5449 | W13: 9079 | X13: 197 | Y13: 98 | Z13: 295
A14: 10 | B14: Gujarat | C14: 938144 | D14: 714986 | E14: 1653130 | F14: 84815 | G14: 65967 | H14: 150782 | I14: 89913 | J14: 87551 | K14: 177464 | L14: 294584 | M14: 207275 | N14: 501859 | O14: 1143 | P14: 628 | Q14: 1771 | R14: 18170 | S14: 14935 | T14: 33105 | U14: 5561 | V14: 5709 | W14: 11270 | X14: 23494 | Y14: 16279 | Z14: 39773
A15: 11 | B15: Haryana | C15: 517813 | D15: 511346 | E15: 1029159 | F15: 78157 | G15: 76128 | H15: 154285 | I15: 2799 | J15: 1776 | K15: 4575 | L15: 116069 | M15: 109671 | N15: 225740 | O15: 646 | P15: 447 | Q15: 1093 | R15: 7423 | S15: 3022 | T15: 10445 | U15: 4769 | V15: 6919 | W15: 11688 | X15: 5867 | Y15: 4413 | Z15: 10280
A16: 12 | B16: Himachal Pradesh | C16: 133196 | D16: 156389 | E16: 289585 | F16: 25382 | G16: 30990 | H16: 56372 | I16: 7967 | J16: 9353 | K16: 17320 | L16: 16132 | M16: 21501 | N16: 37633 | O16: 192 | P16: 91 | Q16: 283 | R16: 616 | S16: 560 | T16: 1176 | U16: 1141 | V16: 1354 | W16: 2495 | X16: 1196 | Y16: 1203 | Z16: 2399
... A40: 36 | B40: West Bengal | C40: 1086183 | D40: 1129353 | E40: 2215536 | F40: 193301 | G40: 196461 | H40: 389762 | I40: 35878 | J40: 37271 | K40: 73149 | L40: 173809 | M40: 174094 | N40: 347903 | O40: 4491 | P40: 2591 | Q40: 7082 | R40: 110860 | S40: 127310 | T40: 238170 | U40: 7381 | V40: 7702 | W40: 15083 | X40: 8753 | Y40: 8574 | Z40: 17327
A41: All India | C41: 21237910 | D41: 20142803 | E41: 41380713 | F41: 2993521 | G41: 2901179 | H41: 5894700 | I41: 1191037 | J41: 1221032 | K41: 2412069 | L41: 7533866 | M41: 7287671 | N41: 14821537 | O41: 49334 | P41: 29701 | Q41: 79035 | R41: 954655 | S41: 967058 | T41: 1921713 | U41: 381764 | V41: 448102 | W41: 829866 | X41: 244250 | Y41: 223526 | Z41: 467776
C43: 21119079 | D43: 19905778 | E43: 41024857 | F43: 51.20669 | H43: 13.752845 | I43: 49.925681 | K43: 5.6347497 | L43: 51.275262 | N43: =N41/E41*100 -> 35.8175 | Q43: 0.19315607 | T43: 4.4510698 | W43: 1.9019591
C44: TRUE | D44: TRUE | E44: TRUE | L44: 50000 | N44: 50000
D45: Male | E45: Female | F45: Total
C46: ALL CATEGORIES | D46: 21119079 | E46: 19905778 | F46: 41024857
C47: SC | D47: 2889125 | E47: 2752960 | F47: 5642085
C48: ST | D48: 1154106 | E48: 1157542 | F48: 2311648
C49: OBC | D49: 7253014 | E49: 6892236 | F49: 14145250

Sheet 16FS-countrylevel
B1: Table 16. | C1: Country-wise & Level-wise Foreign Students (Based on Actual Response) | L1: =C1 -> Country-wise & Level-wise Foreign Students (Based on Actual Response) | U1: =L1 -> Country-wise & Level-wise Foreign Students (Based on Actual Response)
A2: Sl. No. | B2: Country Name | C2: Ph.D. | F2: M.Phil. | I2: Post Graduate | L2: Under Graduate | O2: PG Diploma | R2: Diploma | U2: Certificate | X2: Integrated | AA2: Grand Total
C3: Male | D3: Female | E3: Total | F3: Male | G3: Female | H3: Total | I3: Male | J3: Female | K3: Total | L3: Male | M3: Female | N3: Total | O3: Male | P3: Female | Q3: Total | R3: Male | S3: Female | T3: Total | U3: Male | V3: Female | W3: Total | X3: Male | Y3: Female | Z3: Total | AA3: Male | AB3: Female | AC3: Total
A4: 1 | B4: 2 | C4: 3 | D4: 4 | E4: 5 | F4: 6 | G4: 7 | H4: 8 | I4: 9 | J4: 10 | K4: 11 | L4: 12 | M4: 13 | N4: 14 | O4: 15 | P4: 16 | Q4: 17 | R4: 18 | S4: 19 | T4: 20 | U4: 21 | V4: 22 | W4: 23 | X4: 24 | Y4: 25 | Z4: 26 | AA4: 27 | AB4: 28 | AC4: 29
A5: 1 | B5: NEPAL | C5: 78 | D5: 26 | E5: 104 | F5: 1 | G5: 0 | H5: 1 | I5: 1046 | J5: 541 | K5: 1587 | L5: 7789 | M5: 3047 | N5: 10836 | O5: 10 | P5: 4 | Q5: 14 | R5: 844 | S5: 133 | T5: 977 | U5: 0 | V5: 3 | W5: 3 | X5: 22 | Y5: 30 | Z5: 52 | AA5: 9790 | AB5: 3784 | AC5: 13574
A6: 2 | B6: AFGHANISTAN | C6: 141 | D6: 9 | E6: 150 | F6: 0 | G6: 1 | H6: 1 | I6: 1193 | J6: 291 | K6: 1484 | L6: 2105 | M6: 304 | N6: 2409 | O6: 1 | P6: 1 | Q6: 2 | R6: 7 | S6: 2 | T6: 9 | X6: 19 | Y6: 4 | Z6: 23 | AA6: 3466 | AB6: 612 | AC6: 4078
A7: 3 | B7: BANGLADESH | C7: 74 | D7: 22 | E7: 96 | F7: 1 | G7: 3 | H7: 4 | I7: 275 | J7: 111 | K7: 386 | L7: 1826 | M7: 384 | N7: 2210 | O7: 7 | P7: 1 | Q7: 8 | R7: 8 | S7: 4 | T7: 12 | U7: 4 | V7: 5 | W7: 9 | X7: 18 | Y7: 7 | Z7: 25 | AA7: 2213 | AB7: 537 | AC7: 2750
A8: 4 | B8: UNITED STATES | C8: 19 | D8: 12 | E8: 31 | I8: 63 | J8: 76 | K8: 139 | L8: 840 | M8: 994 | N8: 1834 | O8: 1 | P8: 4 | Q8: 5 | R8: 0 | S8: 317 | T8: 317 | U8: 2 | V8: 3 | W8: 5 | X8: 57 | Y8: 70 | Z8: 127 | AA8: 982 | AB8: 1476 | AC8: 2458
A9: 5 | B9: UNITED ARAB EMIRATES | C9: 7 | D9: 6 | E9: 13 | I9: 72 | J9: 77 | K9: 149 | L9: 1193 | M9: 930 | N9: 2123 | O9: 6 | P9: 2 | Q9: 8 | R9: 1 | S9: 0 | T9: 1 | U9: 0 | V9: 1 | W9: 1 | X9: 7 | Y9: 5 | Z9: 12 | AA9: 1286 | AB9: 1021 | AC9: 2307
A10: 6 | B10: BHUTAN | C10: 5 | D10: 3 | E10: 8 | I10: 78 | J10: 57 | K10: 135 | L10: 862 | M10: 760 | N10: 1622 | O10: 0 | P10: 1 | Q10: 1 | R10: 15 | S10: 6 | T10: 21 | X10: 23 | Y10: 17 | Z10: 40 | AA10: 983 | AB10: 844 | AC10: 1827
A11: 7 | B11: SUDAN | C11: 7 | D11: 0 | E11: 7 | I11: 200 | J11: 26 | K11: 226 | L11: 1217 | M11: 124 | N11: 1341 | O11: 1 | P11: 0 | Q11: 1 | R11: 2 | S11: 1 | T11: 3 | X11: 14 | Y11: 8 | Z11: 22 | AA11: 1441 | AB11: 159 | AC11: 1600
A12: 8 | B12: NIGERIA | C12: 62 | D12: 7 | E12: 69 | I12: 298 | J12: 93 | K12: 391 | L12: 649 | M12: 272 | N12: 921 | O12: 5 | P12: 0 | Q12: 5 | R12: 0 | S12: 5 | T12: 5 | U12: 1 | V12: 0 | W12: 1 | X12: 21 | Y12: 6 | Z12: 27 | AA12: 1036 | AB12: 383 | AC12: 1419
A13: 9 | B13: TANZANIA, UNITED REPUBLIC OF | C13: 21 | D13: 7 | E13: 28 | I13: 86 | J13: 51 | K13: 137 | L13: 544 | M13: 468 | N13: 1012 | O13: 0 | P13: 1 | Q13: 1 | R13: 55 | S13: 37 | T13: 92 | X13: 13 | Y13: 23 | Z13: 36 | AA13: 719 | AB13: 587 | AC13: 1306
A14: 10 | B14: YEMEN | C14: 125 | D14: 18 | E14: 143 | I14: 176 | J14: 37 | K14: 213 | L14: 677 | M14: 60 | N14: 737 | X14: 2 | Y14: 0 | Z14: 2 | AA14: 980 | AB14: 115 | AC14: 1095
A15: 11 | B15: ETHIOPIA | C15: 178 | D15: 5 | E15: 183 | I15: 149 | J15: 20 | K15: 169 | L15: 422 | M15: 190 | N15: 612 | O15: 1 | P15: 1 | Q15: 2 | X15: 1 | Y15: 0 | Z15: 1 | AA15: 751 | AB15: 216 | AC15: 967
A16: 12 | B16: SRI LANKA | C16: 23 | D16: 12 | E16: 35 | F16: 1 | G16: 2 | H16: 3 | I16: 57 | J16: 67 | K16: 124 | L16: 317 | M16: 359 | N16: 676 | O16: 1 | P16: 0 | Q16: 1 | R16: 5 | S16: 1 | T16: 6 | X16: 10 | Y16: 7 | Z16: 17 | AA16: 414 | AB16: 448 | AC16: 862
A17: 13 | B17: SAUDI ARABIA | C17: 7 | D17: 0 | E17: 7 | I17: 33 | J17: 42 | K17: 75 | L17: 416 | M17: 239 | N17: 655 | O17: 1 | P17: 1 | Q17: 2 | R17: 1 | S17: 3 | T17: 4 | X17: 7 | Y17: 1 | Z17: 8 | AA17: 465 | AB17: 286 | AC17: 751
A18: 14 | B18: OMAN | C18: 6 | D18: 3 | E18: 9 | I18: 34 | J18: 15 | K18: 49 | L18: 345 | M18: 293 | N18: 638 | O18: 0 | P18: 1 | Q18: 1 | X18: 0 | Y18: 2 | Z18: 2 | AA18: 385 | AB18: 314 | AC18: 699
A19: 15 | B19: SYRIAN ARAB REPUBLIC | C19: 43 | D19: 18 | E19: 61 | I19: 86 | J19: 19 | K19: 105 | L19: 421 | M19: 48 | N19: 469 | X19: 2 | Y19: 0 | Z19: 2 | AA19: 552 | AB19: 85 | AC19: 637
A20: 16 | B20: ZAMBIA | I20: 14 | J20: 13 | K20: 27 | L20: 289 | M20: 246 | N20: 535 | R20: 2 | S20: 0 | T20: 2 | X20: 5 | Y20: 4 | Z20: 9 | AA20: 310 | AB20: 263 | AC20: 573
A21: 17 | B21: IRAN, ISLAMIC REPUBLIC OF | C21: 41 | D21: 40 | E21: 81 | F21: 0 | G21: 1 | H21: 1 | I21: 109 | J21: 147 | K21: 256 | L21: 113 | M21: 114 | N21: 227 | O21: 1 | P21: 5 | Q21: 6 | X21: 1 | Y21: 0 | Z21: 1 | AA21: 265 | AB21: 307 | AC21: 572
A22: 18 | B22: ZIMBABWE | C22: 6 | D22: 2 | E22: 8 | I22: 45 | J22: 29 | K22: 74 | L22: 226 | M22: 149 | N22: 375 | O22: 2 | P22: 0 | Q22: 2 | R22: 8 | S22: 6 | T22: 14 | U22: 1 | V22: 0 | W22: 1 | X22: 33 | Y22: 48 | Z22: 81 | AA22: 321 | AB22: 234 | AC22: 555
A23: 19 | B23: QATAR | C23: 2 | D23: 2 | E23: 4 | I23: 12 | J23: 17 | K23: 29 | L23: 274 | M23: 221 | N23: 495 | O23: 2 | P23: 0 | Q23: 2 | R23: 0 | S23: 1 | T23: 1 | X23: 1 | Y23: 3 | Z23: 4 | AA23: 291 | AB23: 244 | AC23: 535
A24: 20 | B24: KUWAIT | C24: 0 | D24: 1 | E24: 1 | I24: 17 | J24: 23 | K24: 40 | L24: 250 | M24: 183 | N24: 433 | R24: 0 | S24: 1 | T24: 1 | X24: 1 | Y24: 1 | Z24: 2 | AA24: 268 | AB24: 209 | AC24: 477
A25: 21 | B25: GHANA | C25: 31 | D25: 5 | E25: 36 | I25: 110 | J25: 29 | K25: 139 | L25: 200 | M25: 63 | N25: 263 | X25: 5 | Y25: 11 | Z25: 16 | AA25: 346 | AB25: 108 | AC25: 454
A26: 22 | B26: KENYA | C26: 14 | D26: 4 | E26: 18 | I26: 82 | J26: 24 | K26: 106 | L26: 213 | M26: 80 | N26: 293 | O26: 1 | P26: 0 | Q26: 1 | R26: 2 | S26: 3 | T26: 5 | X26: 5 | Y26: 1 | Z26: 6 | AA26: 317 | AB26: 112 | AC26: 429
A27: 23 | B27: BAHRAIN | C27: 1 | D27: 1 | E27: 2 | I27: 10 | J27: 6 | K27: 16 | L27: 202 | M27: 117 | N27: 319 | AA27: 213 | AB27: 124 | AC27: 337
